Date;Time;Distance;VertDev;HorzDev;Headroll;Gradient;PresCutter;F Jacks;RPMCutter;Speed;PresSlurry;WayCyl1;WayCyl2;WayCyl3;PresCyl1;PresCyl2;PresCyl3;Pres Jacks;User;Laser
 01:02:17;07:48:36;12.80;301.0;300.0;0.0;20.0;0.0;0.0;0.0;0.0;-1.0;0.0;0.0;0.0;0.0;0.0;0.0;0.0;PT  ;No Laser
 01:02:17;07:49:07;12.80;301.0;300.0;0.0;20.0;0.0;0.0;0.0;0.0;-1.0;0.0;0.0;0.0;0.0;0.0;0.0;0.0;PT  ;No Laser
 01:02:17;07:49:38;12.80;301.0;300.0;0.0;20.0;0.0;0.0;0.0;0.0;-1.0;0.0;0.0;0.0;0.0;0.0;0.0;0.0;PT  ;No Laser
 01:02:17;07:50:09;12.80;301.0;300.0;0.0;20.0;0.0;9.0;0.0;0.0;-1.0;0.0;0.0;0.0;0.0;0.0;0.0;4.5;PT  ;No Laser
 01:02:17;07:50:40;12.80;301.0;300.0;0.0;20.0;0.0;9.3;0.0;0.0;-1.0;0.0;0.0;0.0;0.0;0.0;0.0;4.6;PT  ;No Laser
 01:02:17;07:51:11;12.80;301.0;300.0;0.0;20.0;0.0;0.0;0.0;0.0;-1.0;0.0;0.0;0.0;0.0;0.0;0.0;0.0;PT  ;No Laser
 01:02:17;07:51:42;12.80;301.0;300.0;0.0;20.0;0.0;0.0;0.0;0.0;-1.0;0.0;0.0;0.0;0.0;0.0;0.0;0.0;PT  ;No Laser
 01:02:17;07:52:13;12.80;301.0;300.0;0.0;20.0;0.0;10.0;0.0;0.0;-1.0;0.0;0.0;0.0;0.0;0.0;0.0;4.9;PT  ;No Laser
 01:02:17;07:52:44;12.80;301.0;300.0;0.0;20.0;0.0;17.4;0.0;0.0;-1.0;0.0;0.0;0.0;0.0;0.0;0.0;8.6;PT  ;No Laser
 01:02:17;07:53:15;12.80;301.0;300.0;0.0;20.0;0.0;13.5;0.0;0.0;-1.0;0.0;0.0;0.0;0.0;0.0;0.0;6.6;PT  ;No Laser
 01:02:17;07:53:48;12.80;301.0;300.0;0.0;20.0;0.0;0.0;0.0;0.0;-1.0;0.0;0.0;0.0;0.0;0.0;0.0;0.0;PT  ;No Laser
 01:02:17;07:54:18;12.80;301.0;300.0;0.0;20.0;0.0;0.0;0.0;0.0;-1.0;0.0;0.0;0.0;0.0;0.0;0.0;0.0;PT  ;No Laser
 01:02:17;07:54:49;12.80;301.0;300.0;0.0;20.0;0.0;0.0;0.0;0.0;-1.0;0.0;0.0;0.0;0.0;0.0;0.0;0.0;PT  ;No Laser
 01:02:17;07:55:20;12.80;301.0;300.0;0.0;20.0;0.0;3.3;0.0;0.0;-1.0;0.0;0.0;0.0;0.0;0.0;0.0;1.6;PT  ;No Laser
 01:02:17;07:55:51;12.80;301.0;300.0;0.0;20.0;0.0;12.9;0.0;0.0;-1.0;0.0;0.0;0.0;0.0;0.0;0.0;6.4;PT  ;No Laser
 01:02:17;07:56:22;12.80;301.0;300.0;0.0;20.0;0.0;104.0;0.0;0.0;-1.0;0.0;0.0;0.0;0.0;0.0;0.0;51.4;PT  ;No Laser
 01:02:17;07:56:53;12.80;301.0;300.0;0.0;20.0;0.0;6.2;0.0;0.0;-1.0;0.0;0.0;0.0;0.0;0.0;0.0;3.1;PT  ;No Laser
 01:02:17;07:57:31;12.80;301.0;300.0;0.0;20.0;0.0;0.0;0.0;0.0;-1.0;0.0;0.0;0.0;0.0;0.0;0.0;0.0;PT  ;No Laser
 01:02:17;07:58:02;12.80;301.0;300.0;0.0;20.0;0.0;0.0;0.0;0.0;-1.0;0.0;0.0;0.0;0.0;0.0;0.0;0.0;PT  ;No Laser
 01:02:17;07:58:33;12.80;301.0;300.0;0.0;20.0;0.0;0.0;0.0;0.0;-1.0;0.0;0.0;0.0;0.0;0.0;0.0;0.0;PT  ;No Laser
 01:02:17;07:59:04;12.80;301.0;300.0;0.0;20.0;0.0;10.7;0.0;0.0;-1.0;0.0;0.0;0.0;0.0;0.0;0.0;5.3;PT  ;No Laser
 01:02:17;07:59:35;12.80;301.0;300.0;0.0;20.0;0.0;24.9;0.0;0.0;-1.0;0.0;0.0;0.0;0.0;0.0;0.0;12.3;PT  ;No Laser
 01:02:17;08:00:06;12.80;301.0;300.0;0.0;20.0;0.0;14.8;0.0;0.0;-1.0;0.0;0.0;0.0;0.0;0.0;0.0;7.3;PT  ;No Laser
 01:02:17;08:00:37;12.80;301.0;300.0;0.0;20.0;0.0;11.8;0.0;0.0;-1.0;0.0;0.0;0.0;0.0;0.0;0.0;5.8;PT  ;No Laser
 01:02:17;08:01:08;12.80;301.0;300.0;0.0;20.0;0.0;10.3;0.0;0.0;-1.0;0.0;0.0;0.0;0.0;0.0;0.0;5.1;PT  ;No Laser
 01:02:17;08:01:39;12.80;301.0;300.0;0.0;20.0;0.0;0.0;0.0;0.0;-1.0;0.0;0.0;0.0;0.0;0.0;0.0;0.0;PT  ;No Laser
 01:02:17;08:02:12;12.80;301.0;300.0;0.0;20.0;0.0;0.0;0.0;0.0;-1.0;0.0;0.0;0.0;0.0;0.0;0.0;0.0;PT  ;No Laser
 01:02:17;08:02:42;12.80;301.0;300.0;0.0;20.0;0.0;5.3;0.0;0.0;-1.0;0.0;0.0;0.0;0.0;0.0;0.0;2.6;PT  ;No Laser
 01:02:17;08:03:13;12.80;301.0;300.0;0.0;20.0;0.0;72.0;0.0;0.0;-1.0;0.0;0.0;0.0;0.0;0.0;0.0;35.5;PT  ;No Laser
 01:02:17;08:03:44;12.80;301.0;300.0;0.0;20.0;0.0;69.7;0.0;0.0;-1.0;0.0;0.0;0.0;0.0;0.0;0.0;34.4;PT  ;No Laser
 01:02:17;08:04:15;12.80;301.0;300.0;0.0;20.0;0.0;4.7;0.0;0.0;-1.0;0.0;0.0;0.0;0.0;0.0;0.0;2.3;PT  ;No Laser
 01:02:17;08:04:46;12.80;301.0;300.0;0.0;20.0;0.0;30.2;0.0;0.0;-1.0;0.0;0.0;0.0;0.0;0.0;0.0;14.9;PT  ;No Laser
 01:02:17;08:05:17;12.80;301.0;300.0;0.0;20.0;0.0;0.0;0.0;0.0;-1.0;0.0;0.0;0.0;0.0;0.0;0.0;0.0;PT  ;No Laser
 01:02:17;08:05:48;12.80;301.0;300.0;0.0;20.0;0.0;0.0;0.0;0.0;-1.0;0.0;0.0;0.0;0.0;0.0;0.0;0.0;PT  ;No Laser
 01:02:17;08:06:19;12.80;301.0;300.0;0.0;20.0;0.0;0.0;0.0;0.0;-1.0;0.0;0.0;0.0;0.0;0.0;0.0;0.0;PT  ;No Laser
 01:02:17;08:06:50;12.80;301.0;300.0;0.0;20.0;0.0;72.3;0.0;0.0;-1.0;0.0;0.0;0.0;0.0;0.0;0.0;35.7;PT  ;No Laser
 01:02:17;08:07:21;12.80;301.0;300.0;0.0;20.0;0.0;4.5;0.0;0.0;-1.0;0.0;0.0;0.0;0.0;0.0;0.0;2.2;PT  ;No Laser
 01:02:17;08:07:52;12.80;301.0;300.0;0.0;20.0;0.0;9.3;0.0;0.0;-1.0;0.0;0.0;0.0;0.0;0.0;0.0;4.6;PT  ;No Laser
 01:02:17;08:08:23;12.80;301.0;300.0;0.0;20.0;0.0;0.0;0.0;0.0;-1.0;0.0;0.0;0.0;0.0;0.0;0.0;0.0;PT  ;No Laser
 01:02:17;08:08:54;12.80;301.0;300.0;0.0;20.0;0.0;0.0;0.0;0.0;-1.0;0.0;0.0;0.0;0.0;0.0;0.0;0.0;PT  ;No Laser
 01:02:17;08:09:25;12.80;301.0;300.0;0.0;20.0;0.0;21.5;0.0;0.0;-1.0;0.0;0.0;0.0;0.0;0.0;0.0;10.6;PT  ;No Laser
 01:02:17;08:09:56;12.80;301.0;300.0;0.0;20.0;0.0;45.7;0.0;0.0;-1.0;0.0;0.0;0.0;0.0;0.0;0.0;22.6;PT  ;No Laser
 01:02:17;08:10:27;12.80;301.0;300.0;0.0;20.0;0.0;53.3;0.0;0.0;-1.0;0.0;0.0;0.0;0.0;0.0;0.0;26.3;PT  ;No Laser
 01:02:17;08:10:58;12.80;301.0;300.0;0.0;20.0;0.0;98.2;0.0;0.0;-1.0;0.0;0.0;0.0;0.0;0.0;0.0;48.5;PT  ;No Laser
 01:02:17;08:11:38;12.80;301.0;300.0;0.0;20.0;0.0;0.0;0.0;0.0;-1.0;0.0;0.0;0.0;0.0;0.0;0.0;0.0;PT  ;No Laser
 01:02:17;08:12:09;12.80;301.0;300.0;0.0;20.0;0.0;0.0;0.0;0.0;-1.0;0.0;0.0;0.0;0.0;0.0;0.0;0.0;PT  ;No Laser
 01:02:17;08:12:40;12.80;301.0;300.0;0.0;20.0;0.0;0.0;0.0;0.0;-1.0;0.0;0.0;0.0;0.0;0.0;0.0;0.0;PT  ;No Laser
 01:02:17;08:13:15;12.80;301.0;300.0;0.0;20.0;0.0;0.0;0.0;0.0;-1.0;0.0;0.0;0.0;0.0;0.0;0.0;0.0;PT  ;No Laser
 01:02:17;08:13:45;12.80;301.0;300.0;0.0;20.0;0.0;61.9;0.0;0.0;-1.0;0.0;0.0;0.0;0.0;0.0;0.0;30.6;PT  ;No Laser
 01:02:17;08:14:16;12.80;301.0;300.0;0.0;20.0;0.0;4.2;0.0;0.0;-1.0;0.0;0.0;0.0;0.0;0.0;0.0;2.1;PT  ;No Laser
 01:02:17;08:14:47;12.80;301.0;300.0;0.0;20.0;0.0;101.0;0.0;0.0;-1.0;0.0;0.0;0.0;0.0;0.0;0.0;49.9;PT  ;No Laser
 01:02:17;08:15:24;12.80;301.0;300.0;0.0;20.0;0.0;0.0;0.0;0.0;-1.0;0.0;0.0;0.0;0.0;0.0;0.0;0.0;PT  ;No Laser
 01:02:17;08:15:54;12.80;301.0;300.0;0.0;20.0;0.0;0.0;0.0;0.0;-1.0;0.0;0.0;0.0;0.0;0.0;0.0;0.0;PT  ;No Laser
 01:02:17;08:16:25;12.80;301.0;300.0;0.0;20.0;0.0;0.0;0.0;0.0;-1.0;0.0;0.0;0.0;0.0;0.0;0.0;0.0;PT  ;No Laser
 01:02:17;08:38:21;12.80;301.0;300.0;0.0;20.0;0.0;0.0;0.0;0.0;-1.0;0.0;0.0;0.0;0.0;0.0;0.0;0.0;PT  ;No Laser
 01:02:17;08:38:51;12.80;301.0;300.0;0.0;20.0;0.0;9.4;0.0;0.0;-1.0;0.0;0.0;0.0;0.0;0.0;0.0;4.7;PT  ;No Laser
 01:02:17;08:40:10;12.79;301.0;300.0;0.0;20.0;0.0;0.0;0.0;0.0;-1.0;0.0;0.0;0.0;0.0;0.0;0.0;0.0;PT  ;No Laser
 01:02:17;08:41:01;12.79;301.0;300.0;0.0;20.0;0.0;0.0;0.0;0.0;-1.0;0.0;0.0;0.0;0.0;0.0;0.0;0.0;PT  ;No Laser
 01:02:17;08:42:53;12.79;301.0;300.0;0.0;20.0;0.0;0.0;0.0;0.0;-1.0;0.0;0.0;0.0;0.0;0.0;0.0;0.0;PT  ;No Laser
 01:02:17;08:43:53;12.79;301.0;300.0;0.0;20.0;0.0;0.0;0.0;0.0;-1.0;0.0;0.0;0.0;0.0;0.0;0.0;0.0;PT  ;No Laser
 01:02:17;09:29:17;12.79;301.0;300.0;0.0;20.0;0.0;0.0;0.0;0.0;-1.0;0.0;0.0;0.0;0.0;0.0;0.0;0.0;PT  ;No Laser
 01:02:17;09:42:55;12.79;301.0;300.0;0.0;20.0;0.0;0.0;0.0;0.0;-1.0;0.0;0.0;0.0;0.0;0.0;0.0;0.0;PT  ;No Laser
 01:02:17;09:43:26;12.79;301.0;300.0;0.0;20.0;0.0;10.6;0.0;0.0;-1.0;0.0;0.0;0.0;0.0;0.0;0.0;5.2;PT  ;No Laser
 01:02:17;10:27:36;12.79;31.4;-29.7;2.1;-0.8;44.0;0.0;2.8;0.0;0.3;10.1;12.6;12.6;22.3;5.2;17.6;0.0;PT  ;Laser okay
 01:02:17;10:28:06;12.79;31.4;-29.6;2.1;-0.8;69.8;39.4;5.6;1.2;0.2;10.1;12.5;12.5;34.3;11.8;35.4;19.4;PT  ;Laser okay
 01:02:17;10:28:37;12.80;31.4;-29.9;2.1;-0.8;121.6;40.0;5.6;2.4;0.1;10.0;12.4;12.4;76.6;54.4;49.6;19.7;PT  ;Laser okay
 01:02:17;10:29:08;12.81;31.4;-29.9;2.1;-0.8;47.9;21.8;5.6;0.0;0.1;10.1;12.6;12.5;35.6;9.8;22.2;10.8;PT  ;Laser okay
 01:02:17;10:29:39;12.81;31.4;-29.9;2.1;-0.8;42.0;22.5;5.6;0.0;0.1;10.1;12.6;12.5;33.9;6.0;20.5;11.1;PT  ;Laser okay
 01:02:17;10:30:10;12.81;31.3;-29.9;2.2;-0.8;55.6;28.9;5.6;0.0;0.1;10.1;12.6;12.5;39.8;8.5;27.7;14.3;PT  ;Laser okay
 01:02:17;10:30:41;12.81;31.4;-29.9;2.2;-0.8;65.0;30.9;5.6;1.2;0.1;10.1;12.6;12.5;42.8;10.2;34.1;15.3;PT  ;Laser okay
 01:02:17;10:31:12;12.82;31.2;-30.2;2.2;-0.8;78.5;38.3;5.6;2.4;0.1;10.0;12.5;12.5;50.6;19.8;38.1;18.9;PT  ;No Laser
 01:02:17;10:31:43;12.83;31.2;-29.9;2.2;-0.8;83.2;40.7;5.6;2.4;0.1;10.0;12.5;12.5;55.7;21.3;41.9;20.1;PT  ;Laser okay
 01:02:17;10:32:14;12.84;30.5;-22.8;2.2;-0.8;92.7;39.4;5.6;2.4;0.1;10.0;12.5;12.5;54.5;18.9;43.9;19.4;PT  ;Laser okay
 01:02:17;10:32:45;12.85;29.2;-19.5;2.2;-0.8;71.7;33.2;5.6;1.2;0.1;10.1;12.5;12.5;48.6;13.3;34.9;16.4;PT  ;Laser okay
 01:02:17;10:33:16;12.86;35.0;25.7;2.2;-0.8;105.6;45.9;5.6;3.6;0.1;10.0;12.5;12.4;63.5;27.4;48.1;22.7;PT  ;Laser okay
 01:02:17;10:33:47;12.88;27.7;16.7;2.2;-0.8;93.2;44.1;5.6;3.6;0.1;10.0;12.4;12.4;58.6;26.2;49.8;21.8;PT  ;Laser okay
 01:02:17;10:34:18;12.89;30.2;16.7;2.2;-0.8;78.2;38.4;5.6;2.4;0.1;10.0;12.5;12.4;50.4;17.9;48.5;19.0;PT  ;Laser okay
 01:02:17;10:34:49;12.90;30.2;16.8;2.1;-0.8;73.4;33.5;5.6;1.2;0.1;10.0;12.6;12.5;44.9;13.9;36.6;16.6;PT  ;Laser okay
 01:02:17;10:35:20;12.90;30.3;16.6;2.2;-0.8;60.3;33.2;5.6;1.2;0.1;10.0;12.6;12.5;45.3;10.0;34.7;16.4;PT  ;Laser okay
 01:02:17;10:35:51;12.91;30.3;16.6;2.2;-0.8;65.8;33.6;5.6;2.4;0.1;10.0;12.6;12.5;45.4;10.3;38.6;16.6;PT  ;Laser okay
 01:02:17;10:36:22;12.92;30.2;16.7;2.2;-0.8;101.2;43.3;5.6;2.4;0.1;10.0;12.5;12.4;56.5;26.2;53.0;21.4;PT  ;Laser okay
 01:02:17;10:36:53;12.94;30.2;16.7;2.2;-0.8;93.5;40.9;5.6;3.6;0.1;10.0;12.5;12.4;55.2;24.1;47.3;20.2;PT  ;Laser okay
 01:02:17;10:37:24;12.95;30.1;16.5;2.1;-0.9;86.9;39.8;5.6;2.4;0.1;10.0;12.5;12.4;56.3;19.4;48.4;19.6;PT  ;Laser okay
 01:02:17;10:37:55;12.96;30.2;16.5;2.2;-0.8;69.8;35.7;5.6;2.4;0.1;10.0;12.5;12.5;57.3;14.7;40.3;17.7;PT  ;Laser okay
 01:02:17;10:38:26;12.97;30.2;16.6;2.2;-0.9;95.5;43.7;5.6;2.4;0.1;10.0;12.5;12.4;57.1;22.3;56.3;21.6;PT  ;Laser okay
 01:02:17;10:38:57;12.99;30.1;16.6;2.2;-0.8;107.8;41.5;5.6;2.4;0.1;10.0;12.5;12.4;57.4;36.8;49.0;20.5;PT  ;Laser okay
 01:02:17;10:39:28;13.00;30.0;16.6;2.1;-0.8;82.1;36.1;5.6;2.4;0.1;10.0;12.5;12.4;48.2;18.2;46.6;17.8;PT  ;Laser okay
 01:02:17;10:39:59;13.01;29.9;16.4;2.2;-0.8;65.2;29.1;5.6;1.2;0.1;10.0;12.5;12.5;43.2;12.2;36.6;14.4;PT  ;Laser okay
 01:02:17;10:40:30;13.02;29.9;16.4;2.1;-0.8;150.6;52.5;4.2;4.8;0.1;10.0;12.3;12.4;93.6;75.9;59.8;25.9;PT  ;Laser okay
 01:02:17;10:41:01;13.02;30.0;16.5;2.2;-0.8;50.3;23.3;5.6;1.2;0.1;10.0;12.6;12.5;37.0;6.5;27.3;11.5;PT  ;Laser okay
 01:02:17;10:41:32;13.02;29.8;16.5;2.2;-0.8;41.4;9.6;5.6;0.0;0.1;10.1;12.6;12.5;30.8;4.7;20.6;4.8;PT  ;Laser okay
 01:02:17;10:42:03;13.02;29.9;16.5;2.2;-0.8;38.0;21.6;5.6;1.2;0.1;10.1;12.6;12.5;31.8;4.7;22.1;10.7;PT  ;Laser okay
 01:02:17;10:42:34;13.03;29.8;16.5;2.2;-0.8;43.3;22.5;5.6;1.2;0.1;10.1;12.6;12.5;35.3;4.7;25.9;11.1;PT  ;Laser okay
 01:02:17;10:43:05;13.03;29.9;16.4;2.1;-0.8;49.7;25.9;5.6;1.2;0.1;10.0;12.6;12.5;36.2;4.7;29.2;12.8;PT  ;Laser okay
 01:02:17;10:43:36;13.04;29.8;16.5;2.2;-0.8;63.6;29.5;5.6;1.2;0.1;10.0;12.6;12.5;40.3;6.8;34.6;14.6;PT  ;Laser okay
 01:02:17;10:44:07;13.04;29.8;16.4;2.2;-0.8;78.4;32.5;5.6;2.4;0.1;10.0;12.6;12.5;46.9;10.1;37.1;16.1;PT  ;Laser okay
 01:02:17;10:44:38;13.05;29.8;16.5;2.2;-0.8;84.6;34.0;7.0;1.2;0.1;10.0;12.6;12.5;49.8;11.6;36.5;16.8;PT  ;Laser okay
 01:02:17;10:45:09;13.06;29.8;16.5;2.2;-0.8;66.8;29.2;5.6;1.2;0.1;10.0;12.6;12.5;40.8;6.7;30.2;14.4;PT  ;Laser okay
 01:02:17;10:45:40;13.07;29.7;16.5;2.2;-0.8;96.4;46.7;5.6;2.4;0.1;10.0;12.4;12.4;59.7;27.5;49.1;23.1;PT  ;Laser okay
 01:02:17;10:46:11;13.08;29.7;16.4;2.1;-0.8;74.0;39.3;5.6;2.4;0.1;10.0;12.5;12.4;52.9;17.8;41.0;19.4;PT  ;Laser okay
 01:02:17;10:46:42;13.09;29.6;16.4;2.1;-0.8;68.6;39.9;5.6;2.4;0.1;10.0;12.5;12.4;50.7;13.0;45.8;19.7;PT  ;Laser okay
 01:02:17;10:47:13;13.10;29.4;16.4;2.1;-0.8;69.3;41.7;5.6;2.4;0.1;10.0;12.5;12.4;46.0;17.1;47.8;20.6;PT  ;Laser okay
 01:02:17;10:47:44;13.12;29.5;16.3;2.1;-0.8;108.1;46.9;5.6;3.6;0.1;10.0;12.4;12.4;77.2;33.5;49.0;23.2;PT  ;Laser okay
 01:02:17;10:48:15;13.13;28.3;15.7;2.1;-0.8;79.4;39.4;5.6;1.2;0.1;10.0;12.5;12.4;51.5;17.8;40.7;19.5;PT  ;No Laser
 01:02:17;10:48:46;13.14;29.2;16.2;2.1;-0.8;96.9;45.7;5.6;2.4;0.1;10.0;12.4;12.4;64.8;28.2;44.9;22.6;PT  ;Laser okay
 01:02:17;10:49:17;13.15;29.2;16.1;2.1;-0.8;73.7;38.5;7.0;2.4;0.1;10.0;12.5;12.4;50.4;18.3;45.1;19.0;PT  ;Laser okay
 01:02:17;10:49:48;13.17;29.1;16.1;2.1;-0.8;108.1;49.7;5.6;3.6;0.1;10.0;12.4;12.4;59.5;35.2;55.2;24.6;PT  ;Laser okay
 01:02:17;10:50:19;13.18;29.1;16.2;2.1;-0.9;98.7;44.4;5.6;2.4;0.1;10.0;12.4;12.4;54.2;26.9;51.3;22.0;PT  ;Laser okay
 01:02:17;10:50:50;13.19;29.2;16.0;2.1;-0.8;79.1;39.8;5.6;2.4;0.1;10.0;12.5;12.4;52.0;21.9;43.3;19.7;PT  ;Laser okay
 01:02:17;10:51:21;13.21;28.9;16.1;2.1;-0.8;87.2;37.6;5.6;2.4;0.1;10.0;12.5;12.4;56.8;20.6;36.2;18.6;PT  ;Laser okay
 01:02:17;10:51:52;13.22;29.0;16.0;2.1;-0.8;74.2;33.0;5.6;1.2;0.1;10.0;12.5;12.4;48.2;17.8;37.3;16.3;PT  ;Laser okay
 01:02:17;10:52:23;13.23;29.1;16.0;2.1;-0.8;62.2;30.7;5.6;1.2;0.1;10.0;12.5;12.4;45.9;13.0;35.1;15.2;PT  ;Laser okay
 01:02:17;10:52:54;13.23;28.8;15.9;2.1;-0.8;57.7;28.0;5.6;1.2;0.1;10.0;12.6;12.5;42.8;7.8;31.3;13.8;PT  ;Laser okay
 01:02:17;10:53:25;13.25;28.9;16.0;2.1;-0.8;85.6;40.0;5.6;3.6;0.1;10.0;12.5;12.4;53.0;20.9;48.7;19.7;PT  ;Laser okay
 01:02:17;10:53:56;13.26;28.7;15.9;2.1;-0.8;79.4;40.9;5.6;1.2;0.1;10.0;12.5;12.4;61.2;21.2;44.4;20.2;PT  ;Laser okay
 01:02:17;10:54:27;13.27;28.7;15.8;2.1;-0.8;65.6;38.4;5.6;1.2;0.1;10.0;12.5;12.4;50.2;17.0;41.2;19.0;PT  ;Laser okay
 01:02:17;10:54:58;13.28;28.6;15.8;2.1;-0.8;58.8;34.7;7.0;2.4;0.1;10.0;12.5;12.4;44.8;14.3;36.8;17.1;PT  ;Laser okay
 01:02:17;10:55:29;13.29;28.7;15.8;2.1;-0.8;55.5;33.3;5.6;1.2;0.1;10.0;12.6;12.5;42.6;12.3;35.8;16.5;PT  ;Laser okay
 01:02:17;10:56:00;13.29;28.8;15.8;2.1;-0.8;53.6;32.1;5.6;0.0;0.1;10.0;12.6;12.5;43.2;9.8;34.1;15.9;PT  ;Laser okay
 01:02:17;10:56:31;13.30;28.6;15.7;2.1;-0.8;44.6;30.7;7.0;1.2;0.1;10.0;12.6;12.5;41.4;5.7;28.6;15.2;PT  ;Laser okay
 01:02:17;10:57:02;13.31;28.6;15.8;2.2;-0.8;83.8;44.5;5.6;3.6;0.1;10.0;12.5;12.4;49.3;20.7;53.9;22.0;PT  ;Laser okay
 01:02:17;10:57:33;13.32;28.4;15.7;2.1;-0.8;105.0;48.9;5.6;3.6;0.1;10.0;12.4;12.4;56.3;30.0;54.2;24.1;PT  ;Laser okay
 01:02:17;10:58:04;13.34;28.3;15.6;2.1;-0.8;118.1;54.2;5.6;3.6;0.1;10.0;12.4;12.4;76.1;38.2;47.3;26.8;PT  ;Laser okay
 01:02:17;10:58:35;13.36;28.3;15.6;2.1;-0.9;106.5;53.6;5.6;4.8;0.1;10.0;12.4;12.3;69.4;40.4;50.6;26.5;PT  ;Laser okay
 01:02:17;10:59:06;13.38;28.2;15.7;2.1;-0.8;150.6;43.4;2.8;6.0;0.1;10.0;12.3;12.3;93.4;57.7;55.8;21.4;PT  ;Laser okay
 01:02:17;10:59:37;13.40;28.2;15.6;2.1;-0.8;91.9;45.6;5.6;3.6;0.1;10.0;12.4;12.3;57.5;38.2;52.9;22.5;PT  ;Laser okay
 01:02:17;11:00:08;13.41;28.0;15.5;2.1;-0.8;85.1;42.7;5.6;2.4;0.1;10.0;12.4;12.4;62.4;29.7;46.4;21.1;PT  ;Laser okay
 01:02:17;11:00:39;13.42;28.0;15.4;2.1;-0.8;75.9;39.0;5.6;1.2;0.1;10.0;12.4;12.4;56.6;22.5;49.4;19.2;PT  ;Laser okay
 01:02:17;11:01:10;13.43;28.0;15.4;2.1;-0.8;60.7;28.8;5.6;1.2;0.1;10.0;12.6;12.4;43.5;6.4;32.0;14.2;PT  ;Laser okay
 01:02:17;11:01:41;13.43;27.9;15.4;2.1;-0.8;48.4;28.6;5.6;1.2;0.1;10.0;12.6;12.5;42.5;5.4;31.3;14.1;PT  ;Laser okay
 01:02:17;11:02:12;13.44;27.9;15.5;2.1;-0.8;52.1;29.0;5.6;1.2;0.1;10.0;12.6;12.5;41.5;5.0;29.5;14.3;PT  ;No Laser
 01:02:17;11:02:43;13.44;27.8;15.4;2.1;-0.8;56.3;31.4;5.6;1.2;0.1;10.0;12.6;12.5;45.0;5.1;33.9;15.5;PT  ;Laser okay
 01:02:17;11:03:14;13.45;27.8;15.2;2.1;-0.8;61.8;33.9;7.0;1.2;0.1;10.0;12.6;12.4;49.1;6.1;36.8;16.7;PT  ;Laser okay
 01:02:17;11:03:45;13.46;27.9;15.2;2.1;-0.9;87.1;44.6;5.6;2.4;0.1;10.0;12.5;12.4;50.5;21.7;52.2;22.0;PT  ;Laser okay
 01:02:17;11:04:16;13.48;27.8;15.2;2.1;-0.8;67.3;42.7;5.6;2.4;0.1;10.0;12.5;12.4;49.9;18.6;45.4;21.1;PT  ;Laser okay
 01:02:17;11:04:47;13.49;27.6;15.2;2.1;-0.8;67.9;41.2;5.6;1.2;0.1;10.0;10.3;12.4;50.1;4.2;39.9;20.4;PT  ;Laser okay
 01:02:17;11:05:18;13.50;27.6;15.0;2.1;-0.8;58.2;38.4;5.6;2.4;0.1;12.6;10.3;12.6;61.8;0.0;29.8;19.0;PT  ;Laser okay
 01:02:17;11:05:49;13.50;27.5;15.0;2.1;-0.8;48.4;39.8;5.6;1.2;0.1;12.6;10.4;12.6;57.0;-1.0;24.8;19.7;PT  ;Laser okay
 01:02:17;11:07:01;13.51;27.3;14.7;2.1;-0.8;0.0;0.0;0.0;0.0;0.1;12.6;10.2;12.8;52.7;9.1;15.7;0.0;PT  ;Laser okay
 01:02:17;11:07:31;13.51;27.2;14.6;2.1;-0.8;89.3;29.5;7.0;3.6;0.1;12.6;10.2;12.8;61.6;6.5;34.7;14.6;PT  ;Laser okay
 01:02:17;11:08:02;13.53;27.1;14.5;2.0;-0.9;98.0;38.7;5.6;2.4;0.1;12.6;10.2;12.7;65.1;13.7;42.9;19.1;PT  ;Laser okay
 01:02:17;11:08:33;13.54;27.1;14.7;2.0;-0.8;101.0;37.3;5.6;1.2;0.1;12.6;10.1;12.8;66.5;13.5;46.3;18.4;PT  ;No Laser
 01:02:17;11:09:04;13.55;27.0;14.3;2.0;-0.8;101.3;36.3;5.6;1.2;0.1;12.6;10.2;12.8;68.1;9.4;39.1;17.9;PT  ;Laser okay
 01:02:17;11:09:35;13.56;26.9;14.3;2.0;-0.8;81.1;34.0;5.6;1.2;0.1;12.6;10.2;12.8;64.3;7.5;37.3;16.8;PT  ;Laser okay
 01:02:17;11:10:06;13.57;26.9;14.4;2.0;-0.8;104.1;43.9;4.2;3.6;0.1;12.5;10.1;12.7;71.1;14.9;51.7;21.7;PT  ;Laser okay
 01:02:17;11:10:37;13.59;26.8;14.0;2.0;-0.8;103.8;45.4;5.6;2.4;0.1;12.5;10.0;12.7;67.2;25.9;60.4;22.4;PT  ;Laser okay
 01:02:17;11:11:08;13.60;26.8;14.2;2.0;-0.8;113.8;44.6;4.2;2.4;0.1;12.5;9.9;12.7;73.7;27.1;48.6;22.0;PT  ;Laser okay
 01:02:17;11:11:39;13.62;26.6;14.2;2.0;-0.8;101.5;43.3;5.6;2.4;0.1;12.5;10.0;12.8;77.3;23.8;43.3;21.4;PT  ;Laser okay
 01:02:17;11:12:10;13.63;26.7;13.8;2.0;-0.8;91.6;37.6;5.6;1.2;0.1;12.6;10.0;12.8;65.6;17.8;40.2;18.6;PT  ;Laser okay
 01:02:17;11:12:41;13.64;26.6;14.0;2.0;-0.8;86.9;39.7;5.6;2.4;0.1;12.5;10.1;12.8;71.2;15.5;45.7;19.6;PT  ;Laser okay
 01:02:17;11:13:12;13.65;26.7;14.0;2.0;-0.8;92.1;38.5;5.6;2.4;0.1;12.6;10.0;12.7;63.8;18.8;49.8;19.0;PT  ;Laser okay
 01:02:17;11:13:43;13.66;26.5;13.9;2.0;-0.8;75.8;31.8;5.6;2.4;0.1;12.6;10.1;12.8;61.7;11.7;35.1;15.7;PT  ;Laser okay
 01:02:17;11:14:14;13.67;26.5;13.9;2.0;-0.9;82.6;36.6;5.6;2.4;0.1;12.6;10.1;12.8;61.6;13.6;45.3;18.1;PT  ;Laser okay
 01:02:17;11:14:45;13.68;26.5;13.9;2.0;-0.8;104.1;38.8;5.6;2.4;0.1;12.6;10.0;12.8;66.3;21.2;41.9;19.2;PT  ;Laser okay
 01:02:17;11:15:16;13.69;26.4;13.9;2.0;-0.9;100.1;43.0;5.6;2.4;0.1;12.5;10.0;12.8;67.4;22.0;46.4;21.2;PT  ;Laser okay
 01:02:17;11:15:47;13.71;26.3;13.9;2.0;-0.8;86.1;41.7;5.6;2.4;0.1;14.2;10.1;14.2;65.0;11.8;48.4;20.6;PT  ;Laser okay
 01:02:17;11:16:18;13.72;26.3;14.0;2.0;-0.8;83.4;40.2;5.6;2.4;0.1;14.2;10.1;14.2;65.5;12.0;51.8;19.9;PT  ;Laser okay
 01:02:17;11:16:49;13.73;26.3;14.0;2.0;-0.9;84.3;38.6;5.6;2.4;0.1;14.2;10.1;14.2;57.7;12.1;49.9;19.1;PT  ;Laser okay
 01:02:17;11:17:20;13.74;26.2;13.8;2.0;-0.9;70.1;34.4;5.6;1.2;0.1;14.2;10.1;14.2;53.6;9.1;41.5;17.0;PT  ;Laser okay
 01:02:17;11:17:51;13.75;26.2;13.8;2.0;-0.8;66.8;34.4;7.0;1.2;0.1;14.2;10.1;14.3;51.1;8.2;38.8;17.0;PT  ;Laser okay
 01:02:17;11:18:22;13.75;26.3;13.6;2.0;-0.9;75.4;34.4;5.6;1.2;0.1;14.2;10.2;14.3;50.8;8.1;38.5;17.0;PT  ;Laser okay
 01:02:17;11:18:53;13.76;26.3;13.7;2.0;-0.8;66.4;31.1;7.0;1.2;0.1;14.2;10.2;14.3;47.5;7.8;32.9;15.3;PT  ;Laser okay
 01:02:17;11:19:24;13.76;26.2;13.6;2.0;-0.8;53.0;29.8;7.0;0.0;0.1;14.2;10.2;14.3;46.3;7.7;30.0;14.7;PT  ;Laser okay
 01:02:17;11:19:55;13.77;26.2;13.5;2.0;-0.9;101.5;47.3;5.6;3.6;0.1;14.2;10.1;14.3;64.2;15.2;52.3;23.4;PT  ;Laser okay
 01:02:17;11:20:26;13.79;26.1;13.5;2.0;-0.8;106.6;47.0;5.6;2.4;0.1;14.2;9.9;14.2;68.3;28.0;46.4;23.2;PT  ;Laser okay
 01:02:17;11:20:57;13.80;25.8;13.8;2.0;-0.8;86.8;53.0;5.6;1.2;0.1;14.2;10.1;14.3;56.8;13.6;40.1;26.2;PT  ;Laser okay
 01:02:17;11:21:28;13.79;25.9;13.6;2.0;-0.9;0.0;0.0;0.0;-1.2;0.1;14.2;10.1;14.3;36.7;10.2;20.9;0.0;PT  ;Laser okay
 01:02:17;11:22:07;13.79;25.9;13.5;2.0;-0.8;0.0;0.0;0.0;0.0;0.1;14.2;10.1;14.3;36.5;9.1;20.8;0.0;PT  ;Laser okay
 01:02:17;11:22:38;13.79;25.8;13.4;2.0;-0.9;0.0;0.0;0.0;0.0;0.1;14.2;10.1;14.4;36.5;8.6;20.8;0.0;PT  ;Laser okay
 01:02:17;11:23:42;13.79;26.0;13.6;2.0;-0.9;0.0;0.0;0.0;0.0;0.1;14.2;10.1;14.4;36.6;8.1;20.8;0.0;PT  ;Laser okay
 01:02:17;11:25:45;13.79;26.1;14.0;2.0;-0.8;0.0;0.0;0.0;0.0;0.1;14.2;10.2;14.4;36.7;7.7;20.8;0.0;PT  ;Laser okay
 01:02:17;11:26:16;13.79;25.9;14.0;2.0;-0.8;42.2;5.9;7.0;0.0;0.1;14.3;10.2;14.4;35.1;7.4;18.9;2.9;PT  ;Laser okay
 01:02:17;11:26:47;13.79;26.1;14.0;2.0;-0.9;40.1;5.9;7.0;0.0;0.1;14.3;10.2;14.4;33.8;7.1;18.2;2.9;PT  ;No Laser
 01:02:17;11:27:18;13.80;25.8;14.0;2.0;-0.8;105.4;40.0;5.6;2.4;0.1;14.2;10.0;14.4;64.1;21.7;43.2;19.8;PT  ;Laser okay
 01:02:17;11:27:49;13.82;25.7;14.0;1.9;-0.8;100.2;41.9;5.6;2.4;0.1;14.2;9.9;14.3;61.8;29.7;49.1;20.7;PT  ;Laser okay
 01:02:17;11:28:20;13.83;25.6;13.8;1.9;-0.9;98.9;42.8;5.6;2.4;0.1;14.2;9.9;14.3;62.0;31.2;61.1;21.1;PT  ;Laser okay
 01:02:17;11:28:51;13.84;25.5;13.2;1.9;-0.9;99.5;42.7;5.6;2.4;0.1;14.2;9.8;14.3;58.0;39.0;54.6;21.1;PT  ;No Laser
 01:02:17;11:29:22;13.86;25.8;13.6;1.9;-0.9;128.8;47.7;5.6;3.6;0.1;14.2;9.8;14.3;70.3;47.5;52.3;23.6;PT  ;Laser okay
 01:02:17;11:29:53;13.87;25.2;13.6;1.9;-0.8;105.8;48.0;5.6;2.4;0.1;14.2;9.8;14.3;67.4;44.1;51.2;23.7;PT  ;Laser okay
 01:02:17;11:30:24;13.88;25.4;13.5;1.9;-0.9;116.3;44.4;5.6;2.4;0.1;14.2;9.8;14.3;52.8;44.3;71.1;21.9;PT  ;Laser okay
 01:02:17;11:30:55;13.90;25.4;13.6;1.9;-0.8;111.6;43.3;5.6;2.4;0.1;14.2;9.8;14.3;60.0;44.0;54.5;21.4;PT  ;Laser okay
 01:02:17;11:31:26;13.91;25.4;13.6;1.9;-0.9;94.6;39.7;5.6;1.2;0.1;14.2;9.9;14.3;58.8;35.1;48.0;19.6;PT  ;Laser okay
 01:02:17;11:31:57;13.92;25.5;13.5;1.9;-0.8;92.5;34.4;5.6;2.4;0.1;14.2;9.9;14.3;59.3;26.7;42.5;17.0;PT  ;Laser okay
 01:02:17;11:32:28;13.93;25.3;13.5;1.9;-0.9;98.8;36.4;5.6;1.2;0.1;14.2;9.9;14.3;57.5;28.1;44.5;18.0;PT  ;Laser okay
 01:02:17;11:32:59;13.94;25.3;13.4;1.9;-0.9;83.0;34.0;5.6;2.4;0.1;14.2;9.9;14.3;53.0;28.0;41.3;16.8;PT  ;Laser okay
 01:02:17;11:33:30;13.94;25.3;13.5;1.9;-0.9;68.4;26.7;5.6;0.0;0.1;14.2;10.0;14.4;48.2;15.7;31.6;13.2;PT  ;Laser okay
 01:02:17;11:34:01;13.95;25.3;13.4;1.9;-0.9;87.2;36.1;5.6;2.4;0.1;14.2;9.9;14.3;58.8;27.8;48.5;17.8;PT  ;Laser okay
 01:02:17;11:34:32;13.96;25.4;13.4;1.9;-0.8;82.8;36.2;5.6;1.2;0.1;14.2;9.9;14.3;55.2;30.8;41.9;17.9;PT  ;Laser okay
 01:02:17;11:35:03;13.97;25.3;13.4;1.9;-0.9;95.4;38.0;5.6;2.4;0.1;14.2;9.9;14.3;57.8;29.8;51.6;18.8;PT  ;Laser okay
 01:02:17;11:35:34;13.98;25.0;13.4;1.9;-0.8;88.2;36.4;5.6;1.2;0.1;14.2;9.9;14.3;53.4;28.1;46.2;18.0;PT  ;Laser okay
 01:02:17;11:36:05;13.99;25.0;13.4;1.9;-0.8;129.3;48.2;4.2;2.4;0.1;14.2;9.8;14.3;64.2;50.5;56.4;23.8;PT  ;Laser okay
 01:02:17;11:36:36;14.01;25.0;13.3;1.9;-0.9;102.7;44.7;5.6;2.4;0.1;14.2;9.8;14.3;61.0;47.9;57.6;22.1;PT  ;Laser okay
 01:02:17;11:37:07;14.02;25.1;13.3;1.9;-0.9;123.1;54.2;5.6;3.6;0.1;14.2;9.8;14.2;65.3;52.9;84.1;26.8;PT  ;Laser okay
 01:02:17;11:37:38;14.03;24.9;13.3;1.9;-0.9;117.9;52.0;5.6;3.6;0.1;14.2;9.8;14.3;67.6;58.2;58.7;25.7;PT  ;Laser okay
 01:02:17;11:38:09;14.05;24.8;13.4;1.9;-0.9;90.1;42.3;5.6;3.6;0.1;14.2;9.8;14.3;60.6;40.8;51.7;20.9;PT  ;Laser okay
 01:02:17;11:38:40;14.06;25.0;13.3;1.9;-0.8;92.5;42.6;5.6;2.4;0.1;14.2;9.8;14.3;56.7;40.6;58.4;21.1;PT  ;Laser okay
 01:02:17;11:39:11;14.07;24.8;13.3;1.9;-0.8;90.4;40.5;5.6;1.2;0.1;14.2;9.8;14.3;58.5;41.2;47.0;20.0;PT  ;Laser okay
 01:02:17;11:39:42;14.07;24.7;13.5;1.9;-0.9;58.7;31.7;5.6;0.0;0.1;14.2;9.9;14.4;48.3;23.4;32.3;15.7;PT  ;Laser okay
 01:02:17;11:40:13;14.08;24.8;13.3;1.9;-0.9;59.2;32.8;5.6;1.2;0.1;14.2;10.0;14.4;47.9;20.4;33.8;16.2;PT  ;Laser okay
 01:02:17;11:40:44;14.09;24.8;13.4;1.9;-0.8;57.8;32.2;7.0;1.2;0.1;14.2;10.0;14.4;48.2;19.1;33.4;15.9;PT  ;Laser okay
 01:02:17;11:41:15;14.10;24.7;13.3;1.9;-0.8;123.4;54.6;5.6;3.6;0.1;14.2;9.8;14.3;68.2;53.1;70.4;27.0;PT  ;Laser okay
 01:02:17;11:41:46;14.11;24.7;13.3;1.9;-0.9;106.7;46.0;5.6;3.6;0.1;14.2;9.8;14.3;62.6;47.3;52.8;22.7;PT  ;Laser okay
 01:02:17;11:42:17;14.12;24.6;13.3;1.9;-0.8;87.0;42.0;5.6;1.2;0.1;14.2;9.8;14.3;61.5;39.7;46.1;20.8;PT  ;Laser okay
 01:02:17;11:42:48;14.12;24.7;13.3;1.9;-0.9;54.9;26.7;5.6;0.0;0.1;14.2;10.0;14.4;47.3;22.3;31.1;13.2;PT  ;Laser okay
 01:02:17;11:43:19;14.13;24.8;13.3;1.9;-0.9;90.8;42.6;5.6;2.4;0.1;14.2;9.9;14.3;64.0;34.7;47.5;21.0;PT  ;Laser okay
 01:02:17;11:43:50;14.15;24.7;13.3;1.9;-0.9;135.1;59.7;2.8;3.6;0.1;14.1;9.8;14.3;77.9;69.1;69.5;29.5;PT  ;Laser okay
 01:02:17;11:44:21;14.15;24.8;13.1;1.9;-0.9;117.5;42.8;5.6;2.4;0.1;14.2;9.8;14.3;67.6;52.3;50.1;21.1;PT  ;Laser okay
 01:02:17;11:44:52;14.17;24.6;13.2;1.9;-0.9;123.7;49.8;4.2;2.4;0.1;14.2;9.8;14.2;65.3;55.7;77.4;24.6;PT  ;Laser okay
 01:02:17;11:45:23;14.18;24.7;13.3;1.9;-0.9;103.1;42.6;5.6;2.4;0.1;14.2;9.8;14.3;60.5;47.8;57.1;21.1;PT  ;Laser okay
 01:02:17;11:45:54;14.19;24.7;13.3;1.9;-0.9;118.8;50.2;5.6;2.4;0.1;14.2;9.8;14.2;69.4;60.5;66.4;24.8;PT  ;Laser okay
 01:02:17;11:46:25;14.21;24.8;13.3;1.9;-0.9;113.4;49.5;5.6;2.4;0.1;14.1;9.8;14.2;73.7;62.3;67.2;24.4;PT  ;Laser okay
 01:02:17;11:47:00;14.22;24.7;13.1;1.9;-0.9;111.1;23.1;4.2;1.2;0.1;14.2;9.8;14.2;67.2;61.9;58.0;11.4;PT  ;Laser okay
 01:02:17;11:47:30;14.23;24.8;13.1;1.9;-0.9;107.6;43.7;5.6;3.6;0.1;14.2;9.8;14.3;72.8;54.4;48.6;21.6;PT  ;Laser okay
 01:02:17;11:48:01;14.25;24.9;13.2;1.9;-0.9;107.9;46.1;5.6;2.4;0.1;14.1;9.8;14.2;70.7;56.1;62.2;22.8;PT  ;Laser okay
 01:02:17;11:48:32;14.26;24.9;13.0;1.9;-0.9;119.0;43.8;4.2;2.4;0.1;14.2;9.8;14.2;65.5;63.2;62.3;21.6;PT  ;Laser okay
 01:02:17;11:49:03;14.27;24.9;13.0;1.9;-0.9;112.8;47.1;4.2;2.4;0.1;14.1;9.8;14.1;79.9;58.4;63.6;23.3;PT  ;Laser okay
 01:02:17;11:49:34;14.29;24.9;12.9;1.9;-0.9;103.2;43.2;5.6;2.4;0.1;14.1;9.8;14.2;67.3;58.7;51.6;21.3;PT  ;Laser okay
 01:02:17;11:50:05;14.30;24.9;13.0;1.9;-0.9;120.6;47.8;4.2;2.4;0.1;14.1;9.8;14.1;77.4;60.4;66.2;23.6;PT  ;Laser okay
 01:02:17;11:50:36;14.31;24.9;12.8;1.9;-0.9;110.7;46.0;5.6;2.4;0.1;14.1;9.8;14.2;73.0;62.4;61.8;22.7;PT  ;Laser okay
 01:02:17;11:51:11;14.32;24.9;12.9;1.9;-0.9;102.0;37.7;4.2;2.4;0.1;14.2;9.8;14.2;66.0;54.4;53.5;18.6;PT  ;Laser okay
 01:02:17;11:51:41;14.34;24.9;12.9;1.9;-0.9;132.1;49.6;5.6;2.4;0.1;14.1;9.8;14.1;90.1;63.5;54.8;24.5;PT  ;Laser okay
 01:02:17;11:52:12;14.35;24.9;12.9;1.9;-1.0;126.2;53.3;4.2;2.4;0.1;14.1;9.8;14.1;83.3;68.4;78.4;26.3;PT  ;Laser okay
 01:02:17;11:52:43;14.36;24.9;12.9;1.9;-0.9;125.7;49.3;5.6;2.4;0.1;14.1;9.8;14.1;87.1;64.9;55.4;24.4;PT  ;Laser okay
 01:02:17;11:53:14;14.38;24.8;12.7;1.9;-1.0;106.2;42.8;5.6;1.2;0.1;14.2;9.8;14.1;69.1;59.6;63.4;21.1;PT  ;Laser okay
 01:02:17;11:53:45;14.39;24.9;12.8;1.9;-0.9;132.0;48.2;5.6;2.4;0.1;14.1;9.8;14.1;86.2;67.1;64.5;23.8;PT  ;Laser okay
 01:02:17;11:54:16;14.40;24.9;12.8;1.9;-0.9;95.4;40.5;5.6;3.6;0.1;14.1;2.9;14.3;73.2;39.5;57.6;20.0;PT  ;Laser okay
 01:02:17;11:54:47;14.42;24.8;12.9;1.9;-0.9;119.7;47.6;4.2;3.6;0.1;14.1;2.8;14.3;71.3;64.9;80.2;23.5;PT  ;Laser okay
 01:02:17;11:55:18;14.43;24.8;12.9;1.9;-1.0;129.0;50.0;5.6;2.4;0.1;14.1;2.7;14.3;78.9;86.2;63.5;24.7;PT  ;Laser okay
 01:02:17;11:55:49;14.45;24.8;12.8;1.9;-0.9;133.7;52.2;4.2;2.4;0.1;14.1;2.5;14.3;79.2;97.0;73.4;25.8;PT  ;Laser okay
 01:02:17;11:56:20;14.46;24.8;12.7;1.9;-1.0;118.9;46.1;5.6;3.6;0.1;14.1;2.6;14.3;79.4;81.4;54.2;22.8;PT  ;Laser okay
 01:02:17;11:56:51;14.47;24.6;12.7;1.9;-1.0;97.5;42.6;5.6;2.4;0.1;14.1;2.7;14.3;74.2;69.6;55.1;21.0;PT  ;Laser okay
 01:02:17;11:57:22;14.48;24.6;12.8;1.9;-0.9;102.1;41.8;5.6;2.4;0.1;14.1;2.7;14.3;73.7;70.5;53.0;20.6;PT  ;Laser okay
 01:02:17;11:57:53;14.49;24.6;12.8;1.9;-1.0;66.5;33.0;5.6;1.2;0.1;14.2;2.8;14.3;61.7;51.9;48.4;16.3;PT  ;Laser okay
 01:02:17;11:58:24;14.50;24.5;12.9;1.9;-1.0;82.5;38.8;5.6;2.4;0.1;14.2;2.8;14.3;62.4;57.0;58.2;19.2;PT  ;Laser okay
 01:02:17;11:58:55;14.51;24.6;12.8;1.9;-1.0;82.9;35.7;5.6;1.2;0.1;14.2;2.8;14.3;60.9;59.1;53.0;17.6;PT  ;Laser okay
 01:02:17;11:59:26;14.52;24.6;12.8;1.9;-1.0;63.1;32.3;5.6;2.4;0.1;14.2;2.9;14.4;55.9;51.0;45.2;15.9;PT  ;Laser okay
 01:02:17;11:59:57;14.52;24.5;12.9;1.9;-1.0;60.5;28.6;5.6;1.2;0.1;14.2;2.9;14.4;53.9;43.0;40.4;14.1;PT  ;Laser okay
 01:02:17;12:00:28;14.54;24.5;12.8;1.9;-0.9;127.0;44.4;5.6;3.6;0.1;14.1;2.4;14.3;92.5;91.5;71.6;21.9;PT  ;Laser okay
 01:02:17;12:00:59;14.55;24.3;12.8;1.9;-1.0;114.5;40.8;4.2;3.6;0.1;14.1;2.5;14.3;68.6;89.2;57.7;20.2;PT  ;Laser okay
 01:02:17;12:01:36;14.56;24.4;12.7;1.9;-1.0;98.2;20.7;4.2;0.0;0.1;14.1;2.5;14.3;77.0;80.8;61.0;10.2;PT  ;Laser okay
 01:02:17;12:02:14;14.59;23.5;12.9;1.7;-0.9;0.0;0.0;0.0;15.6;0.1;14.3;2.9;14.4;32.0;43.0;13.0;0.0;PT  ;Laser okay
 01:02:17;12:02:44;14.59;23.5;12.8;1.7;-0.9;0.0;0.4;0.0;0.0;0.1;14.3;2.9;14.4;31.3;40.8;13.5;0.3;PT  ;Laser okay
 01:02:17;12:03:15;14.59;23.5;12.7;1.7;-0.9;0.0;0.0;0.0;0.0;0.1;14.3;2.9;14.4;31.5;40.4;13.9;0.0;PT  ;No Laser
 01:02:17;12:03:46;14.60;23.5;13.0;1.7;-0.9;44.9;18.6;5.6;4.8;0.2;14.3;2.9;14.4;40.2;38.8;29.2;9.2;PT  ;Laser okay
 01:02:17;12:04:17;14.62;23.6;12.9;1.7;-0.9;124.6;39.0;5.6;3.6;0.1;14.2;2.5;14.3;79.7;80.6;63.9;19.2;PT  ;Laser okay
 01:02:17;12:04:48;14.63;23.5;12.7;1.7;-0.9;87.3;29.7;5.6;1.2;0.1;14.2;2.6;14.3;68.6;65.5;60.0;14.7;PT  ;Laser okay
 01:02:17;12:05:19;14.64;23.7;12.9;1.6;-1.0;97.7;31.1;5.6;2.4;0.1;14.2;2.7;14.3;66.2;66.8;61.5;15.4;PT  ;Laser okay
 01:02:17;12:05:50;14.65;23.5;12.8;1.7;-1.0;106.1;33.0;5.6;2.4;0.1;14.2;2.7;14.3;70.9;66.2;57.9;16.3;PT  ;Laser okay
 01:02:17;12:06:21;14.66;23.6;12.8;1.7;-1.0;104.3;32.6;5.6;1.2;0.1;14.2;2.7;14.3;73.5;67.0;52.6;16.1;PT  ;Laser okay
 01:02:17;12:06:52;14.67;23.6;13.0;1.7;-1.0;86.1;32.3;5.6;2.4;0.1;14.2;2.7;14.2;66.4;62.0;57.0;16.0;PT  ;Laser okay
 01:02:17;12:07:23;14.68;23.6;12.8;1.7;-1.0;104.3;35.0;4.2;2.4;0.1;14.2;2.6;14.2;74.8;71.9;66.1;17.3;PT  ;Laser okay
 01:02:17;12:07:54;14.69;23.6;12.8;1.7;-1.0;85.6;31.6;5.6;1.2;0.1;14.2;2.7;14.2;62.3;68.2;63.3;15.6;PT  ;Laser okay
 01:02:17;12:08:25;14.70;23.6;12.7;1.7;-1.0;100.8;30.0;5.6;2.4;0.1;14.2;2.6;14.2;69.9;70.2;57.9;14.8;PT  ;Laser okay
 01:02:17;12:08:56;14.71;23.6;12.8;1.7;-1.0;84.4;27.6;5.6;1.2;0.1;14.2;2.8;14.2;64.0;57.4;56.1;13.6;PT  ;Laser okay
 01:02:17;12:09:27;14.72;23.5;12.8;1.7;-1.0;117.0;38.8;5.6;2.4;0.1;14.1;2.5;14.1;78.0;85.5;72.4;19.2;PT  ;Laser okay
 01:02:17;12:10:01;14.73;23.5;12.7;1.7;-1.0;118.7;26.1;2.8;0.0;0.1;14.1;2.4;14.1;81.9;92.1;61.5;12.9;PT  ;Laser okay
 01:02:17;12:10:32;14.74;23.4;12.8;1.7;-0.9;101.9;34.8;5.6;2.4;0.1;14.2;2.6;14.1;78.5;77.4;60.0;17.2;PT  ;Laser okay
 01:02:17;12:11:04;14.76;23.7;12.8;1.7;-1.0;113.3;25.2;4.2;3.6;0.1;14.2;2.4;14.1;72.8;93.4;76.2;12.4;PT  ;Laser okay
 01:02:17;12:11:35;14.77;23.8;12.8;1.7;-0.9;138.7;45.7;4.2;2.4;0.1;14.1;2.4;14.1;95.1;99.7;68.4;22.6;PT  ;Laser okay
 01:02:17;12:12:06;14.79;23.5;12.8;1.7;-0.9;124.8;42.3;5.6;2.4;0.1;14.1;2.5;14.1;86.0;88.9;76.6;20.9;PT  ;Laser okay
 01:02:17;12:12:37;14.80;23.5;12.9;1.7;-1.0;134.4;43.3;5.6;2.4;0.1;14.1;2.4;14.1;93.3;98.4;67.5;21.4;PT  ;Laser okay
 01:02:17;12:13:08;14.81;23.6;12.9;1.7;-1.0;117.3;38.5;5.6;3.6;0.1;14.1;2.5;14.1;79.5;84.6;73.0;19.0;PT  ;Laser okay
 01:02:17;12:13:39;14.82;23.6;13.0;1.7;-1.0;139.3;45.0;4.2;2.4;0.1;14.1;2.4;14.1;94.2;100.7;68.1;22.2;PT  ;Laser okay
 01:02:17;12:14:10;14.84;23.6;12.9;1.7;-1.0;118.9;40.2;5.6;3.6;0.1;14.1;2.4;14.0;82.9;94.0;76.7;19.8;PT  ;Laser okay
 01:02:17;12:14:41;14.85;23.6;13.1;1.6;-0.9;126.1;45.3;4.2;0.0;0.1;14.1;2.3;14.1;94.6;106.0;65.7;22.4;PT  ;Laser okay
 01:02:17;12:15:12;14.86;23.5;12.8;1.6;-1.0;119.7;38.3;5.6;3.6;0.1;14.1;2.4;14.1;85.5;91.7;61.8;18.9;PT  ;Laser okay
 01:02:17;12:15:43;14.87;23.6;13.1;1.7;-1.0;98.4;34.5;5.6;1.2;0.1;14.2;2.4;14.1;70.2;90.2;62.9;17.0;PT  ;Laser okay
 01:02:17;12:16:14;14.88;23.5;13.1;1.7;-0.9;144.0;46.0;5.6;3.6;0.1;14.1;2.3;14.1;92.0;112.7;60.5;22.7;PT  ;Laser okay
 01:02:17;12:16:45;14.90;23.5;13.1;1.7;-0.9;111.8;40.7;4.2;2.4;0.1;14.1;2.3;14.1;76.0;99.3;70.7;20.1;PT  ;Laser okay
 01:02:17;12:17:16;14.91;23.5;13.2;1.7;-0.9;113.4;39.1;4.2;3.6;0.1;14.2;2.3;14.1;73.5;100.9;62.4;19.3;PT  ;Laser okay
 01:02:17;12:17:47;14.92;23.6;13.2;1.7;-1.0;110.6;39.9;4.2;2.4;0.1;14.2;2.3;14.1;73.6;104.0;66.5;19.7;PT  ;Laser okay
 01:02:17;12:18:18;14.93;23.6;13.3;1.7;-0.9;104.0;40.3;5.6;3.6;0.1;14.2;2.3;14.1;72.8;103.7;68.0;19.9;PT  ;Laser okay
 01:02:17;12:18:49;14.94;23.6;13.3;1.7;-1.0;106.9;37.0;5.6;2.4;0.1;14.2;2.3;14.1;68.1;111.1;54.5;18.3;PT  ;Laser okay
 01:02:17;12:19:20;14.95;23.9;13.5;1.7;-1.0;117.0;37.7;5.6;2.4;0.1;14.2;2.4;14.1;73.1;103.7;56.6;18.6;PT  ;Laser okay
 01:02:17;12:19:51;14.97;23.8;13.5;1.7;-1.0;104.6;35.0;5.6;1.2;0.1;14.2;2.4;14.2;69.4;100.1;50.7;17.3;PT  ;Laser okay
 01:02:17;12:20:22;14.98;24.0;13.6;1.7;-0.9;84.1;29.0;5.6;2.4;0.1;14.2;2.4;14.2;61.4;90.3;46.3;14.3;PT  ;Laser okay
 01:02:17;12:20:53;14.98;23.9;13.6;1.7;-1.0;92.1;33.1;5.6;2.4;0.1;14.2;2.5;14.2;65.7;89.5;51.2;16.3;PT  ;Laser okay
 01:02:17;12:21:24;15.00;23.9;13.6;1.7;-1.0;101.3;36.2;4.2;2.4;0.1;14.2;2.3;14.1;67.9;106.4;67.5;17.9;PT  ;Laser okay
 01:02:17;12:21:55;15.01;23.9;13.6;1.7;-1.0;93.5;31.0;5.6;1.2;0.1;14.2;2.4;14.2;66.9;94.9;52.7;15.3;PT  ;Laser okay
 01:02:17;12:22:26;15.01;24.0;13.6;1.7;-1.0;72.9;27.2;5.6;1.2;0.1;14.2;2.5;14.2;54.2;81.7;46.1;13.5;PT  ;Laser okay
 01:02:17;12:22:57;15.02;24.0;13.7;1.7;-1.0;105.0;33.2;5.6;2.4;0.1;14.2;2.4;14.2;64.8;94.3;56.5;16.4;PT  ;Laser okay
 01:02:17;12:23:28;15.03;24.1;13.6;1.7;-1.0;98.1;34.0;7.0;1.2;0.1;14.2;2.4;14.2;69.3;94.7;51.6;16.8;PT  ;Laser okay
 01:02:17;12:23:59;15.04;24.2;13.6;1.7;-1.0;105.8;34.5;5.6;2.4;0.1;14.2;2.4;14.2;70.9;97.5;57.7;17.1;PT  ;Laser okay
 01:02:17;12:24:30;15.05;24.2;13.6;1.7;-1.0;87.2;34.3;5.6;0.0;0.1;14.2;2.4;14.1;68.6;93.4;60.1;16.9;PT  ;Laser okay
 01:02:17;12:25:01;15.06;24.3;13.7;1.7;-0.9;59.7;22.9;7.0;1.2;0.1;14.2;2.6;14.2;53.7;69.5;42.6;11.3;PT  ;Laser okay
 01:02:17;12:25:32;15.06;24.4;13.6;1.7;-1.0;67.7;24.1;5.6;1.2;0.1;14.2;2.6;14.2;54.7;68.5;44.8;11.9;PT  ;Laser okay
 01:02:17;12:26:03;15.07;24.3;13.7;1.7;-0.9;75.5;26.7;5.6;1.2;0.1;14.2;2.6;14.2;58.2;69.5;49.6;13.2;PT  ;Laser okay
 01:02:17;12:26:34;15.08;24.4;13.8;1.7;-1.0;75.2;28.2;5.6;1.2;0.1;14.2;2.6;14.2;61.1;71.5;50.9;13.9;PT  ;Laser okay
 01:02:17;12:27:05;15.09;24.4;13.7;1.7;-0.9;128.4;47.3;5.6;3.6;0.1;14.2;2.4;14.1;80.0;104.9;78.4;23.3;PT  ;Laser okay
 01:02:17;12:27:46;15.09;24.1;13.5;1.7;-1.0;98.9;16.7;0.0;-1.2;0.1;14.2;2.3;14.2;57.6;109.0;60.2;8.2;PT  ;Laser okay
 01:02:17;12:28:17;15.10;24.3;13.6;1.7;-1.0;125.6;42.6;5.6;2.4;0.1;14.2;2.3;14.1;72.8;113.4;65.7;21.1;PT  ;Laser okay
 01:02:17;12:28:48;15.11;24.4;13.7;1.7;-1.0;87.3;31.3;4.2;0.0;0.1;14.2;2.4;14.1;64.7;95.8;60.9;15.5;PT  ;Laser okay
 01:02:17;12:29:19;15.12;24.4;13.6;1.7;-1.0;97.0;31.7;5.6;2.4;0.1;14.2;2.4;14.2;67.7;92.7;53.6;15.6;PT  ;Laser okay
 01:02:17;12:29:50;15.14;24.4;13.6;1.7;-0.9;82.0;29.8;4.2;1.2;0.1;14.2;2.4;14.2;64.7;90.3;58.8;14.7;PT  ;Laser okay
 01:02:17;12:30:21;15.15;24.6;13.6;1.7;-1.0;112.9;35.6;4.2;2.4;0.1;12.6;2.3;14.1;15.5;134.2;67.1;17.6;PT  ;Laser okay
 01:02:17;12:30:52;15.16;25.2;14.2;1.7;-0.9;97.0;35.6;5.6;1.2;0.1;11.4;2.4;14.0;41.3;113.0;60.9;17.6;PT  ;Laser okay
 01:02:17;12:31:23;15.17;25.3;14.6;1.7;-0.9;128.3;46.5;5.6;2.4;0.1;11.4;2.4;14.0;67.9;118.0;77.5;23.0;PT  ;Laser okay
 01:02:17;12:31:55;15.18;25.2;14.4;1.7;-0.9;110.4;41.1;5.6;2.4;0.1;11.4;2.4;14.0;51.2;113.2;71.1;20.3;PT  ;Laser okay
 01:02:17;12:32:26;15.19;25.3;14.6;1.7;-0.9;89.8;33.4;5.6;0.0;0.1;11.4;2.4;14.0;43.5;101.4;61.5;16.5;PT  ;Laser okay
 01:02:17;12:32:57;15.20;25.3;14.5;1.7;-0.9;64.6;26.0;5.6;-1.2;0.1;11.4;2.4;14.0;44.0;92.5;53.5;12.8;PT  ;Laser okay
 01:02:17;12:33:29;15.21;25.4;14.4;1.7;-0.9;100.3;30.8;5.6;1.2;0.1;11.4;2.4;13.9;53.0;111.6;67.0;15.2;PT  ;Laser okay
 01:02:17;12:34:00;15.22;25.4;14.4;1.7;-0.9;97.0;36.0;5.6;2.4;0.1;11.4;2.5;14.0;51.3;96.4;60.9;17.8;PT  ;Laser okay
 01:02:17;12:34:31;15.23;25.5;14.4;1.7;-0.9;92.6;39.1;7.0;2.4;0.1;11.4;2.4;13.9;57.0;101.7;64.5;19.3;PT  ;Laser okay
 01:02:17;12:35:02;15.24;25.6;14.3;1.7;-0.9;106.5;40.4;4.2;2.4;0.1;11.4;2.4;13.9;56.3;104.8;75.7;20.0;PT  ;Laser okay
 01:02:17;12:35:33;15.25;25.6;14.4;1.7;-0.9;115.3;43.2;5.6;3.6;0.1;11.4;2.4;13.9;59.8;112.2;73.0;21.3;PT  ;Laser okay
 01:02:17;12:36:04;15.26;25.7;14.4;1.7;-1.0;103.1;37.8;5.6;1.2;0.1;11.4;2.4;13.9;55.4;101.4;64.9;18.7;PT  ;Laser okay
 01:02:17;12:36:35;15.27;25.7;14.3;1.7;-0.9;80.5;32.1;5.6;1.2;0.1;11.4;2.5;14.0;46.4;88.8;59.3;15.9;PT  ;Laser okay
 01:02:17;12:37:06;15.28;25.8;14.4;1.7;-1.0;92.3;37.8;7.0;1.2;0.1;11.4;2.4;13.9;55.1;97.5;68.9;18.7;PT  ;Laser okay
 01:02:17;12:37:37;15.29;26.0;14.4;1.7;-1.0;70.8;33.0;5.6;0.0;0.1;11.4;2.6;14.0;44.6;80.5;58.6;16.3;PT  ;Laser okay
 01:02:17;12:38:08;15.30;26.0;14.4;1.7;-1.0;65.6;31.7;7.0;2.4;0.1;11.4;2.6;14.0;43.1;80.9;60.9;15.7;PT  ;Laser okay
 01:02:17;12:38:39;15.31;26.1;14.5;1.7;-0.9;70.1;31.7;5.6;1.2;0.1;11.4;2.6;14.0;43.5;76.7;63.7;15.6;PT  ;Laser okay
 01:02:17;12:39:10;15.31;26.0;14.5;1.7;-1.0;58.1;28.3;5.6;1.2;0.1;11.4;2.6;14.0;41.5;67.8;56.0;14.0;PT  ;Laser okay
 01:02:17;12:39:41;15.32;26.0;14.4;1.7;-0.9;104.2;40.4;5.6;1.2;0.1;11.4;2.4;13.9;51.6;100.5;71.9;20.0;PT  ;Laser okay
 01:02:17;12:40:12;15.33;26.1;14.3;1.7;-0.9;66.7;29.0;5.6;1.2;0.1;11.4;2.6;14.0;42.1;71.7;55.0;14.3;PT  ;Laser okay
 01:02:17;12:40:43;15.33;26.3;14.5;1.7;-0.9;59.7;27.7;5.6;1.2;0.1;11.4;2.7;14.0;40.1;64.2;53.0;13.7;PT  ;Laser okay
 01:02:17;12:41:14;15.34;26.3;14.5;1.7;-0.9;58.9;30.3;5.6;1.2;0.1;11.4;2.8;14.0;41.1;60.7;51.5;15.0;PT  ;Laser okay
 01:02:17;12:41:45;15.35;26.4;14.4;1.7;-0.9;81.7;33.5;5.6;1.2;0.1;11.4;2.6;13.9;47.2;76.0;64.7;16.6;PT  ;Laser okay
 01:02:17;12:42:16;15.35;26.5;14.4;1.7;-0.9;100.1;38.4;5.6;2.4;0.1;11.4;2.5;13.9;53.0;87.2;68.6;19.0;PT  ;Laser okay
 01:02:17;12:42:47;15.36;26.7;14.5;1.7;-0.9;85.2;36.0;5.6;1.2;0.1;11.4;2.6;14.0;52.0;82.4;61.8;17.8;PT  ;Laser okay
 01:02:17;12:43:18;15.37;26.7;14.5;1.7;-1.0;81.3;34.0;5.6;2.4;0.1;11.4;2.6;14.0;50.1;79.0;62.8;16.8;PT  ;Laser okay
 01:02:17;12:43:49;15.38;26.8;14.7;1.7;-0.9;73.3;45.1;5.6;2.4;0.1;11.4;2.7;14.0;49.6;75.2;56.7;22.3;PT  ;Laser okay
 01:02:17;12:45:16;15.39;25.8;14.5;1.6;-0.9;0.0;0.0;0.0;0.0;0.2;11.6;2.8;14.2;11.7;50.5;20.1;0.0;PT  ;Laser okay
 01:02:17;12:45:47;15.39;25.9;14.8;1.6;-0.9;0.0;0.0;0.0;0.0;0.2;11.6;2.8;14.2;11.5;50.4;19.8;0.0;PT  ;Laser okay
 01:02:17;12:46:18;15.35;25.9;14.7;1.6;-0.9;45.2;7.4;5.6;0.0;0.2;11.6;2.8;14.2;10.2;54.6;17.4;3.7;PT  ;Laser okay
 01:02:17;12:46:49;15.36;25.9;14.7;1.5;-1.0;104.9;37.7;5.6;2.4;0.2;11.4;2.4;13.9;55.0;103.6;77.2;18.6;PT  ;Laser okay
 01:02:17;12:47:20;15.37;26.0;14.3;1.5;-1.0;94.4;34.4;5.6;1.2;0.2;11.4;2.4;13.9;62.0;98.7;63.6;17.0;PT  ;Laser okay
 01:02:17;12:47:51;15.38;26.0;14.5;1.5;-1.0;97.7;34.9;5.6;1.2;0.1;11.4;2.5;13.9;59.8;90.5;60.3;17.2;PT  ;Laser okay
 01:02:17;12:48:22;15.39;26.1;14.5;1.5;-0.9;91.3;33.0;5.6;1.2;0.1;11.4;2.5;13.9;56.5;86.2;58.0;16.3;PT  ;Laser okay
 01:02:17;12:48:53;15.40;26.2;14.6;1.5;-1.0;77.3;37.0;5.6;2.4;0.1;11.4;2.5;13.9;57.9;91.5;66.3;18.3;PT  ;Laser okay
 01:02:17;12:49:24;15.41;26.3;14.5;1.5;-1.0;78.1;33.8;5.6;2.4;0.1;11.4;2.5;13.9;52.0;89.7;71.7;16.7;PT  ;Laser okay
 01:02:17;12:49:55;15.42;26.4;14.4;1.5;-0.9;87.6;36.3;5.6;1.2;0.1;11.4;2.5;13.9;54.8;93.5;67.2;17.9;PT  ;Laser okay
 01:02:17;12:50:26;15.44;26.4;14.3;1.5;-0.9;121.7;46.3;5.6;3.6;0.1;11.4;2.4;13.9;71.1;110.7;71.9;22.9;PT  ;Laser okay
 01:02:17;12:50:57;15.45;26.5;14.3;1.5;-0.9;115.1;44.4;4.2;2.4;0.1;11.4;2.4;13.9;73.6;102.4;76.7;21.9;PT  ;Laser okay
 01:02:17;12:51:28;15.46;26.5;14.1;1.5;-0.9;100.0;39.7;5.6;2.4;0.1;11.4;2.4;13.9;56.0;97.2;75.5;19.6;PT  ;Laser okay
 01:02:17;12:51:59;15.47;26.6;14.1;1.5;-0.9;97.3;36.5;5.6;2.4;0.1;11.4;2.4;13.9;50.1;96.3;69.4;18.0;PT  ;Laser okay
 01:02:17;12:52:30;15.48;26.8;14.2;1.5;-1.0;67.8;30.9;5.6;1.2;0.1;11.4;2.5;13.9;45.6;81.9;58.8;15.3;PT  ;Laser okay
 01:02:17;12:53:01;15.48;26.7;14.2;1.5;-1.0;66.9;31.1;5.6;1.2;0.1;11.4;2.6;13.9;45.5;80.7;59.4;15.3;PT  ;Laser okay
 01:02:17;12:53:32;15.49;26.8;14.3;1.5;-0.9;70.6;31.8;5.6;2.4;0.1;11.4;2.7;14.0;44.8;71.4;56.7;15.7;PT  ;Laser okay
 01:02:17;12:54:03;15.50;26.7;14.2;1.5;-0.9;120.1;44.5;5.6;2.4;0.1;11.4;2.4;13.9;66.1;103.3;70.4;22.0;PT  ;Laser okay
 01:02:17;12:54:35;15.52;26.7;13.9;1.5;-0.9;130.0;60.5;5.6;3.6;0.1;11.4;2.3;13.8;68.7;121.5;91.8;29.9;PT  ;Laser okay
 01:02:17;12:55:05;15.53;26.9;14.0;1.5;-0.9;113.1;46.4;5.6;3.6;0.1;11.4;2.4;13.9;70.4;107.2;72.8;22.9;PT  ;Laser okay
 01:02:17;12:55:36;15.54;26.7;13.9;1.5;-0.9;107.7;44.8;5.6;2.4;0.1;11.4;2.3;13.9;66.3;107.3;73.6;22.1;PT  ;Laser okay
 01:02:17;12:56:07;15.55;26.8;14.0;1.5;-0.9;103.9;45.8;5.6;1.2;0.1;11.4;2.3;13.9;65.8;111.6;71.2;22.6;PT  ;Laser okay
 01:02:17;12:56:38;15.56;26.8;14.0;1.5;-0.9;98.8;45.0;5.6;2.4;0.1;11.4;2.3;13.8;60.9;109.9;78.5;22.2;PT  ;Laser okay
 01:02:17;12:57:09;15.58;26.9;13.9;1.5;-0.9;122.0;46.4;4.2;2.4;0.1;11.4;4.9;13.9;53.8;105.9;52.2;22.9;PT  ;Laser okay
 01:02:17;12:57:53;15.58;29.9;13.9;1.5;-0.8;59.4;4.0;5.6;0.0;0.1;11.5;13.2;13.9;17.1;63.4;19.5;2.0;PT  ;Laser okay
 01:02:17;12:58:24;15.59;30.4;14.2;1.5;-0.8;100.1;37.1;4.2;1.2;0.1;11.5;13.1;13.7;43.8;83.2;45.6;18.3;PT  ;Laser okay
 01:02:17;12:58:55;15.60;30.4;14.3;1.5;-0.8;96.7;34.5;5.6;1.2;0.1;11.5;13.1;13.7;41.6;76.0;39.9;17.1;PT  ;Laser okay
 01:02:17;12:59:26;15.61;30.2;14.3;1.5;-0.8;96.5;33.1;5.6;2.4;0.1;11.5;13.2;13.8;46.9;68.6;35.1;16.4;PT  ;Laser okay
 01:02:17;12:59:57;15.61;30.3;14.4;1.5;-0.9;91.0;33.8;5.6;1.2;0.1;11.5;13.2;13.7;51.2;59.8;41.7;16.7;PT  ;Laser okay
 01:02:17;13:00:28;15.61;30.0;14.2;1.5;-0.8;75.5;32.1;5.6;1.2;0.1;11.5;13.2;13.7;42.5;63.0;39.2;15.9;PT  ;Laser okay
 01:02:17;13:00:59;15.62;30.1;14.4;1.5;-0.8;97.2;40.6;5.6;2.4;0.1;11.5;13.1;13.7;53.0;69.5;47.3;20.1;PT  ;Laser okay
 01:02:17;13:01:30;15.64;30.0;14.3;1.5;-0.8;128.0;46.3;5.6;2.4;0.1;11.5;13.1;13.7;57.4;82.9;58.0;22.9;PT  ;Laser okay
 01:02:17;13:02:01;15.65;30.1;14.1;1.5;-0.8;114.4;46.4;5.6;2.4;0.1;11.5;13.1;13.7;61.1;74.8;57.9;22.9;PT  ;Laser okay
 01:02:17;13:02:32;15.66;30.0;14.2;1.5;-0.8;93.1;40.6;5.6;1.2;0.1;11.5;13.1;13.7;49.9;65.9;59.2;20.1;PT  ;Laser okay
 01:02:17;13:03:03;15.66;30.1;14.2;1.5;-0.8;83.4;36.5;5.6;1.2;0.1;11.5;13.2;13.7;45.4;61.7;45.4;18.0;PT  ;Laser okay
 01:02:17;13:03:34;15.67;29.9;14.3;1.5;-0.8;66.3;31.1;5.6;1.2;0.1;11.5;13.2;13.7;41.4;48.2;39.7;15.4;PT  ;Laser okay
 01:02:17;13:04:05;15.68;29.8;14.2;1.5;-0.8;79.3;33.4;5.6;1.2;0.1;11.5;13.2;13.7;43.8;55.0;41.2;16.5;PT  ;Laser okay
 01:02:17;13:04:36;15.68;29.9;14.3;1.5;-0.8;73.9;31.7;7.0;1.2;0.1;11.5;13.2;13.7;41.8;49.0;38.1;15.7;PT  ;Laser okay
 01:02:17;13:05:07;15.69;29.7;14.2;1.5;-0.8;74.2;31.2;5.6;1.2;0.1;11.5;13.2;13.8;40.5;46.4;35.9;15.4;PT  ;Laser okay
 01:02:17;13:05:38;15.70;29.7;14.2;1.5;-0.8;115.3;47.8;5.6;2.4;0.1;11.4;13.2;13.7;64.3;70.9;52.8;23.6;PT  ;Laser okay
 01:02:17;13:06:09;15.71;29.6;14.1;1.5;-0.8;112.1;43.0;4.2;2.4;0.1;11.4;13.1;13.7;54.2;76.4;55.1;21.2;PT  ;Laser okay
 01:02:17;13:06:40;15.73;29.6;14.0;1.5;-0.8;118.9;50.5;5.6;3.6;0.1;11.4;13.1;13.6;66.1;71.5;65.0;24.9;PT  ;Laser okay
 01:02:17;13:07:11;15.73;29.8;14.1;1.5;-0.8;75.4;30.8;5.6;-1.2;0.1;11.4;13.1;13.7;49.5;55.9;53.0;15.2;PT  ;Laser okay
 01:02:17;13:07:42;15.75;29.6;14.0;1.5;-0.8;105.7;42.1;5.6;2.4;0.1;11.4;13.1;13.7;59.4;66.3;52.6;20.8;PT  ;Laser okay
 01:02:17;13:08:13;15.76;29.6;14.0;1.5;-0.8;109.7;43.5;5.6;1.2;0.1;11.4;13.1;13.7;56.7;72.4;53.3;21.5;PT  ;Laser okay
 01:02:17;13:08:44;15.76;29.7;13.9;1.5;-0.9;109.7;43.2;7.0;0.0;0.1;11.4;13.2;13.7;55.1;66.0;54.4;21.3;PT  ;Laser okay
 01:02:17;13:09:15;15.78;29.8;13.9;1.5;-0.9;89.7;38.8;5.6;1.2;0.1;11.4;13.2;13.7;54.1;55.4;47.2;19.2;PT  ;Laser okay
 01:02:17;13:09:46;15.78;29.9;13.9;1.5;-0.9;74.1;34.3;7.0;0.0;0.1;11.4;13.2;13.7;45.7;47.7;44.7;16.9;PT  ;Laser okay
 01:02:17;13:10:17;15.79;29.7;14.0;1.5;-0.9;91.9;53.1;5.6;3.6;0.1;11.4;13.2;13.7;56.4;51.0;48.8;26.2;PT  ;Laser okay
 01:02:17;13:10:48;15.80;29.2;13.9;1.4;-0.9;0.0;0.0;0.0;-1.2;0.1;11.5;13.3;13.9;17.3;31.4;13.4;0.0;PT  ;Laser okay
 01:02:17;13:11:19;15.80;29.1;14.0;1.4;-0.8;0.0;0.5;0.0;0.0;0.2;11.5;13.3;13.9;16.5;31.7;13.4;0.3;PT  ;Laser okay
 01:02:17;13:11:50;15.80;29.0;14.0;1.4;-0.8;0.0;0.3;0.0;6.0;0.2;11.5;13.3;13.9;15.9;31.9;13.2;0.2;PT  ;Laser okay
 01:02:17;13:12:21;15.80;28.9;14.0;1.4;-0.9;62.1;21.2;7.0;3.6;0.2;11.5;13.3;13.8;36.4;43.7;37.6;10.5;PT  ;Laser okay
 01:02:17;13:12:52;15.82;29.1;14.0;1.4;-0.9;95.3;35.4;5.6;2.4;0.2;11.4;13.2;13.7;56.5;62.1;51.6;17.5;PT  ;Laser okay
 01:02:17;13:13:23;15.82;29.0;13.9;1.4;-0.9;95.1;33.3;5.6;1.2;0.2;11.4;13.2;13.7;56.6;57.3;48.5;16.4;PT  ;Laser okay
 01:02:17;13:13:54;15.83;28.9;13.9;1.3;-0.9;88.5;33.3;5.6;1.2;0.1;11.4;13.2;13.7;51.4;54.9;46.4;16.5;PT  ;Laser okay
 01:02:17;13:14:25;15.84;28.9;14.1;1.4;-0.9;71.5;30.1;5.6;1.2;0.1;11.4;13.2;13.7;49.3;47.1;43.8;14.9;PT  ;Laser okay
 01:02:17;13:14:56;15.85;28.8;14.0;1.4;-0.8;93.7;38.1;7.0;2.4;0.1;11.4;13.2;13.7;59.3;55.9;52.3;18.8;PT  ;Laser okay
 01:02:17;13:15:27;15.86;28.8;13.8;1.3;-0.9;116.3;45.9;5.6;2.4;0.1;11.4;13.2;13.6;54.5;74.2;72.0;22.7;PT  ;Laser okay
 01:02:17;13:15:58;15.87;28.9;13.8;1.3;-0.8;120.8;47.2;5.6;2.4;0.1;11.4;13.2;13.6;60.6;75.1;67.6;23.3;PT  ;Laser okay
 01:02:17;13:16:29;15.88;28.8;13.7;1.3;-0.9;96.5;40.6;5.6;2.4;0.1;11.4;13.2;13.7;58.7;63.2;55.0;20.1;PT  ;Laser okay
 01:02:17;13:17:00;15.89;28.8;13.7;1.3;-0.9;67.3;33.7;5.6;1.2;0.1;11.4;13.2;13.7;53.2;50.8;46.3;16.6;PT  ;Laser okay
 01:02:17;13:17:31;15.89;28.8;13.6;1.3;-0.9;56.9;30.1;5.6;1.2;0.1;11.4;13.2;13.7;46.5;43.9;43.9;14.9;PT  ;Laser okay
 01:02:17;13:18:02;15.90;28.7;13.7;1.3;-0.8;101.7;45.4;5.6;2.4;0.1;11.4;13.2;13.6;63.7;59.6;61.7;22.4;PT  ;Laser okay
 01:02:17;13:18:33;15.92;28.6;13.6;1.3;-0.9;122.8;48.7;5.6;2.4;0.1;11.4;13.2;13.7;68.6;75.4;60.2;24.0;PT  ;Laser okay
 01:02:17;13:24:11;15.92;28.5;13.7;1.3;-0.9;53.5;0.0;5.6;0.0;0.2;11.5;13.2;13.8;23.7;38.0;24.0;0.0;PT  ;Laser okay
 01:02:17;13:24:42;15.93;28.6;13.6;1.3;-0.8;102.7;37.8;5.6;1.2;0.2;11.4;13.2;13.7;57.4;60.9;52.7;18.7;PT  ;Laser okay
 01:02:17;13:25:13;15.94;28.5;13.6;1.3;-0.9;90.7;36.5;5.6;2.4;0.2;11.4;13.2;13.7;56.6;53.7;52.7;18.0;PT  ;Laser okay
 01:02:17;13:25:44;15.95;28.5;13.6;1.3;-0.9;90.0;36.8;5.6;1.2;0.2;11.4;13.2;13.7;53.7;55.2;62.1;18.2;PT  ;Laser okay
 01:02:17;13:26:15;15.96;28.6;13.5;1.3;-0.9;97.2;36.2;5.6;1.2;0.2;11.4;13.2;13.7;52.4;55.2;56.6;17.9;PT  ;Laser okay
 01:02:17;13:26:46;15.96;28.3;13.5;1.3;-0.9;59.6;27.3;5.6;1.2;0.1;11.4;13.2;13.7;44.0;40.4;46.3;13.5;PT  ;Laser okay
 01:02:17;13:27:17;15.96;28.5;13.6;1.3;-0.9;50.1;26.1;5.6;1.2;0.1;11.4;13.3;13.7;41.9;35.3;42.3;12.9;PT  ;Laser okay
 01:02:17;13:27:48;15.97;28.4;13.6;1.3;-0.9;91.0;37.8;5.6;2.4;0.1;11.4;13.2;13.7;52.0;55.2;57.3;18.7;PT  ;Laser okay
 01:02:17;13:28:19;15.98;28.6;13.4;1.3;-0.9;110.0;42.9;4.2;2.4;0.1;11.4;13.2;13.7;62.4;64.4;58.9;21.2;PT  ;Laser okay
 01:02:17;13:28:50;15.99;28.5;13.3;1.3;-0.9;82.0;35.4;7.0;2.4;0.1;11.4;13.2;13.7;54.2;48.2;49.6;17.5;PT  ;Laser okay
 01:02:17;13:29:21;16.00;28.4;13.3;1.3;-0.8;90.6;36.7;5.6;1.2;0.1;11.4;13.2;13.7;54.8;50.2;53.8;18.1;PT  ;Laser okay
 01:02:17;13:29:52;16.01;28.4;13.2;1.3;-0.9;80.3;34.4;5.6;1.2;0.1;11.4;13.2;13.7;53.7;46.5;46.4;17.0;PT  ;Laser okay
 01:02:17;13:30:28;16.02;28.3;13.2;1.3;-0.9;103.7;25.1;5.6;3.6;0.1;11.4;13.2;13.7;65.2;66.3;60.6;12.4;PT  ;Laser okay
 01:02:17;13:31:16;16.02;28.2;13.2;1.3;-0.9;85.7;6.3;5.6;0.0;0.1;11.4;13.2;13.8;35.9;46.1;36.2;3.1;PT  ;Laser okay
 01:02:17;13:31:48;16.03;28.2;13.1;1.3;-0.9;96.8;17.3;4.2;2.4;0.1;11.4;13.2;13.7;47.9;47.6;47.3;8.6;PT  ;Laser okay
 01:02:17;13:32:25;16.04;28.2;13.1;1.3;-0.9;92.6;23.4;5.6;0.0;0.1;11.4;13.2;13.7;45.6;47.7;48.2;11.6;PT  ;Laser okay
 01:02:17;13:32:55;16.05;28.3;13.2;1.3;-0.9;100.0;31.7;5.6;1.2;0.1;11.4;13.2;13.7;53.5;49.4;49.2;15.6;PT  ;Laser okay
 01:02:17;13:33:26;16.06;28.3;13.0;1.3;-0.9;83.3;27.3;5.6;-1.2;0.1;11.4;13.2;13.7;47.9;44.2;47.2;13.5;PT  ;Laser okay
 01:02:17;13:33:57;16.07;28.4;12.9;1.3;-0.9;106.5;31.3;5.6;1.2;0.1;11.4;13.2;13.7;53.5;48.7;48.1;15.5;PT  ;Laser okay
 01:02:17;13:34:28;16.07;28.4;12.9;1.3;-0.9;91.9;29.4;5.6;1.2;0.1;11.4;13.2;13.7;49.2;45.6;44.7;14.5;PT  ;Laser okay
 01:02:17;13:34:59;16.08;28.4;13.0;1.3;-0.9;98.0;32.8;5.6;1.2;0.1;11.4;13.2;13.7;52.2;46.5;47.3;16.2;PT  ;Laser okay
 01:02:17;13:35:30;16.08;28.4;12.9;1.3;-0.9;74.0;28.5;7.0;1.2;0.2;11.4;13.3;13.7;49.6;39.6;45.4;14.1;PT  ;Laser okay
 01:02:17;13:36:01;16.09;28.4;13.0;1.3;-0.9;85.2;30.5;5.6;1.2;0.1;11.4;13.3;13.7;49.0;39.8;44.1;15.1;PT  ;Laser okay
 01:02:17;13:36:32;16.09;28.5;12.9;1.3;-0.9;72.8;27.7;5.6;1.2;0.1;11.4;13.3;13.7;47.5;36.0;41.7;13.7;PT  ;Laser okay
 01:02:17;13:37:03;16.10;28.4;13.0;1.3;-0.9;77.9;30.2;5.6;0.0;0.1;11.4;13.3;13.7;48.7;36.3;42.2;14.9;PT  ;Laser okay
 01:02:17;13:37:34;16.10;28.3;13.1;1.3;-0.9;114.0;37.1;5.6;2.4;0.1;11.4;13.2;13.7;49.9;53.4;59.3;18.3;PT  ;Laser okay
 01:02:17;13:38:05;16.11;28.0;13.1;1.3;-0.9;97.2;31.9;5.6;2.4;0.0;11.4;13.3;13.7;51.6;41.4;45.2;15.7;PT  ;Laser okay
 01:02:17;13:38:36;16.12;27.9;13.0;1.3;-0.9;83.3;30.0;5.6;0.0;0.0;11.4;13.3;13.7;48.0;37.9;44.9;14.8;PT  ;Laser okay
 01:02:17;13:39:07;16.12;27.7;13.0;1.3;-0.9;98.3;33.2;7.0;2.4;0.0;11.4;13.3;13.7;51.7;42.4;46.7;16.4;PT  ;Laser okay
 01:02:17;13:39:38;16.13;27.4;12.9;1.3;-0.9;103.0;36.4;4.2;0.0;0.0;11.4;13.2;13.7;57.4;48.5;52.7;18.0;PT  ;Laser okay
 01:02:17;13:40:09;16.14;27.4;12.8;1.3;-0.9;78.5;31.7;5.6;1.2;0.0;11.4;13.3;13.7;49.3;34.8;48.2;15.6;PT  ;Laser okay
 01:02:17;13:40:40;16.15;26.9;12.7;1.3;-0.8;110.0;40.7;5.6;1.2;0.0;11.4;13.2;13.6;56.0;46.2;60.3;20.1;PT  ;Laser okay
 01:02:17;13:41:11;16.15;26.7;12.7;1.3;-0.8;115.0;36.0;5.6;2.4;0.0;11.4;13.3;13.7;55.6;49.1;51.1;17.8;PT  ;Laser okay
 01:02:17;13:41:42;16.16;26.3;12.5;1.3;-0.8;90.2;34.2;5.6;2.4;0.0;11.4;13.3;13.7;57.6;37.9;48.2;16.9;PT  ;Laser okay
 01:02:17;13:42:13;16.17;26.0;12.3;1.3;-0.8;77.4;33.5;5.6;2.4;0.0;11.4;13.3;13.7;52.7;37.6;46.5;16.5;PT  ;Laser okay
 01:02:17;13:42:44;16.18;25.9;12.5;1.3;-0.8;95.1;35.3;5.6;1.2;0.0;11.4;13.3;13.7;54.1;34.8;53.1;17.4;PT  ;Laser okay
 01:02:17;13:43:15;16.18;25.8;12.3;1.3;-0.8;74.4;32.3;5.6;1.2;0.0;11.4;13.3;13.7;46.7;33.5;49.4;15.9;PT  ;Laser okay
 01:02:17;13:43:46;16.19;25.7;12.2;1.3;-0.8;68.0;31.2;7.0;1.2;0.0;11.4;13.3;13.7;47.5;27.2;46.2;15.4;PT  ;Laser okay
 01:02:17;13:44:17;16.20;25.5;12.2;1.3;-0.8;113.9;40.6;5.6;2.4;0.0;11.4;13.3;13.6;57.8;42.0;59.4;20.1;PT  ;Laser okay
 01:02:17;13:44:48;16.20;25.4;12.2;1.3;-0.8;81.6;34.8;5.6;1.2;0.0;11.4;13.3;13.7;51.5;35.7;50.8;17.2;PT  ;Laser okay
 01:02:17;13:45:19;16.22;25.3;12.1;1.3;-0.8;111.3;44.0;5.6;2.4;0.0;11.4;13.3;13.6;60.5;48.0;58.5;21.7;PT  ;Laser okay
 01:02:17;13:45:50;16.23;25.3;12.1;1.4;-0.8;74.1;34.7;5.6;0.0;0.0;11.4;13.3;13.7;51.4;34.2;49.7;17.1;PT  ;Laser okay
 01:02:17;13:46:21;16.23;25.2;12.1;1.4;-0.8;71.3;35.3;5.6;1.2;0.1;11.4;13.3;13.7;50.6;32.9;50.6;17.4;PT  ;Laser okay
 01:02:17;13:46:52;16.24;25.6;12.3;1.4;-0.9;86.9;36.7;7.0;1.2;0.1;11.4;13.3;13.7;54.6;38.7;52.9;18.1;PT  ;Laser okay
 01:02:17;13:47:23;16.25;26.3;12.4;1.4;-0.8;95.3;40.4;5.6;1.2;0.1;11.4;13.3;13.6;54.5;41.8;56.7;19.9;PT  ;Laser okay
 01:02:17;13:47:54;16.25;26.9;12.4;1.4;-0.9;67.6;33.2;5.6;0.0;0.1;11.4;13.3;13.7;45.1;34.2;46.4;16.4;PT  ;Laser okay
 01:02:17;13:48:25;16.26;27.1;12.5;1.4;-0.9;81.6;36.0;5.6;1.2;0.1;11.4;13.3;13.7;50.5;35.3;53.2;17.8;PT  ;Laser okay
 01:02:17;13:48:56;16.26;27.1;12.4;1.4;-0.9;70.2;33.7;5.6;0.0;0.1;11.4;13.3;13.7;47.1;30.4;49.4;16.6;PT  ;Laser okay
 01:02:17;13:49:27;16.27;26.8;12.3;1.4;-0.9;77.0;34.2;7.0;1.2;0.1;11.4;13.3;13.7;48.7;29.9;49.9;16.9;PT  ;Laser okay
 01:02:17;13:50:31;16.28;26.6;12.2;1.4;-0.9;47.3;0.7;5.6;0.0;0.0;11.4;13.4;13.8;40.5;19.2;39.0;0.3;PT  ;Laser okay
 01:02:17;13:51:04;16.29;26.3;12.2;1.4;-0.8;91.3;30.6;5.6;1.2;0.0;11.4;13.3;13.7;55.3;33.7;56.1;15.1;PT  ;Laser okay
 01:02:17;13:51:34;16.30;26.1;12.1;1.4;-0.9;109.0;36.0;5.6;2.4;0.0;11.4;13.3;13.7;57.2;37.3;57.8;17.8;PT  ;Laser okay
 01:02:17;13:52:05;16.31;25.9;12.0;1.4;-0.9;87.5;33.9;5.6;2.4;0.0;11.4;13.3;13.7;55.8;32.8;53.3;16.7;PT  ;Laser okay
 01:02:17;13:52:36;16.32;25.7;12.1;1.4;-0.8;66.0;29.1;5.6;1.2;0.0;11.4;13.3;13.7;48.4;25.8;46.5;14.4;PT  ;Laser okay
 01:02:17;13:53:07;16.32;25.5;12.0;1.4;-0.8;62.4;29.4;5.6;1.2;0.0;11.4;13.4;13.7;49.5;21.6;45.6;14.5;PT  ;Laser okay
 01:02:17;13:53:38;16.33;25.6;11.9;1.4;-0.8;66.2;31.7;5.6;1.2;0.0;11.4;13.4;13.7;50.0;22.2;47.2;15.7;PT  ;Laser okay
 01:02:17;13:54:09;16.33;25.2;11.8;1.4;-0.8;68.0;31.6;5.6;0.0;0.0;11.4;13.4;13.7;50.4;21.6;46.5;15.6;PT  ;Laser okay
 01:02:17;13:54:40;16.33;25.2;11.7;1.4;-0.8;101.7;39.8;5.6;1.2;0.0;11.4;13.3;13.6;62.2;32.3;57.2;19.6;PT  ;Laser okay
 01:02:17;13:55:11;16.34;25.0;11.7;1.4;-0.8;133.5;46.2;4.2;1.2;0.0;11.4;13.3;13.6;60.9;43.2;69.2;22.8;PT  ;Laser okay
 01:02:17;13:55:42;16.35;24.9;11.7;1.4;-0.8;97.4;39.6;5.6;2.4;0.0;11.4;13.3;13.6;54.2;34.6;57.5;19.6;PT  ;Laser okay
 01:02:17;13:56:13;16.35;24.9;11.6;1.4;-0.8;86.0;35.8;5.6;0.0;0.0;11.4;13.3;13.7;49.4;30.2;50.9;17.7;PT  ;Laser okay
 01:02:17;13:56:44;16.36;24.8;11.6;1.4;-0.8;83.6;36.2;5.6;1.2;0.0;11.4;13.3;13.7;49.9;31.1;48.6;17.9;PT  ;Laser okay
 01:02:17;13:57:15;16.36;24.9;11.5;1.4;-0.8;104.8;42.7;5.6;2.4;0.0;11.4;13.3;13.7;58.7;40.4;53.6;21.1;PT  ;Laser okay
 01:02:17;13:57:46;16.37;24.7;11.6;1.4;-0.8;101.7;41.1;7.0;1.2;0.0;11.4;13.3;13.7;55.0;39.3;53.7;20.3;PT  ;Laser okay
 01:02:17;13:58:17;16.38;24.7;11.6;1.4;-0.8;52.2;32.4;5.6;0.0;0.0;11.4;13.3;13.7;43.1;23.7;41.4;16.0;PT  ;Laser okay
 01:02:17;13:58:48;16.38;24.6;11.6;1.4;-0.8;81.0;37.5;5.6;1.2;0.0;11.4;13.3;13.7;55.2;30.3;48.7;18.5;PT  ;Laser okay
 01:02:17;13:59:19;16.39;24.5;11.6;1.4;-0.8;73.5;36.5;7.0;1.2;0.0;11.4;13.3;13.7;47.7;29.1;48.3;18.0;PT  ;Laser okay
 01:02:17;13:59:50;16.39;24.5;11.5;1.4;-0.8;51.4;32.1;5.6;0.0;0.0;11.4;13.3;13.7;42.0;21.5;41.0;15.8;PT  ;Laser okay
 01:02:17;14:00:21;16.39;24.5;11.5;1.4;-0.8;43.9;30.6;7.0;0.0;0.0;11.4;13.4;13.8;40.6;20.4;37.5;15.1;PT  ;Laser okay
 01:02:17;14:00:52;16.39;24.5;11.5;1.4;-0.8;43.3;19.7;5.6;0.0;0.0;11.4;13.4;13.8;37.4;16.8;33.5;9.7;PT  ;Laser okay
 01:02:17;14:01:23;16.41;24.5;11.4;1.4;-0.8;114.1;49.6;5.6;2.4;0.0;11.4;13.3;13.6;61.6;46.3;66.8;24.5;PT  ;Laser okay
 01:02:17;14:01:54;16.42;24.3;11.4;1.4;-0.8;121.1;52.0;5.6;2.4;0.0;11.4;13.2;13.6;62.8;55.1;63.0;25.7;PT  ;Laser okay
 01:02:17;14:02:25;16.43;24.3;11.5;1.4;-0.8;87.5;43.3;5.6;1.2;0.0;11.4;13.3;13.7;53.3;39.1;52.0;21.4;PT  ;Laser okay
 01:02:17;14:02:56;16.44;24.2;11.4;1.4;-0.8;82.9;40.5;5.6;1.2;0.0;11.4;13.3;13.7;50.8;37.3;47.8;20.0;PT  ;Laser okay
 01:02:17;14:03:27;16.45;24.2;11.4;1.4;-0.8;74.9;38.2;5.6;1.2;0.0;11.4;13.3;13.7;48.5;31.7;44.6;18.9;PT  ;Laser okay
 01:02:17;14:03:58;16.45;24.1;11.3;1.4;-0.8;64.8;39.4;5.6;1.2;0.0;11.4;13.3;13.7;47.9;31.2;43.2;19.5;PT  ;Laser okay
 01:02:17;14:04:29;16.47;24.2;11.3;1.4;-0.8;114.4;48.0;4.2;2.4;0.0;11.4;13.3;13.6;60.8;45.4;61.7;23.7;PT  ;Laser okay
 01:02:17;14:05:00;16.48;24.1;11.2;1.4;-0.8;103.8;42.6;5.6;1.2;0.0;11.4;13.3;13.7;48.0;41.4;54.4;21.1;PT  ;Laser okay
 01:02:17;14:05:31;16.48;24.1;11.3;1.4;-0.8;69.7;39.4;5.6;1.2;0.0;11.4;13.3;13.7;44.9;32.2;46.6;19.4;PT  ;Laser okay
 01:02:17;14:06:02;16.49;24.0;11.1;1.4;-0.8;66.4;38.1;5.6;1.2;0.0;11.4;13.3;13.7;43.9;31.4;43.6;18.8;PT  ;Laser okay
 01:02:17;14:06:33;16.49;23.9;11.3;1.4;-0.8;45.1;33.8;5.6;1.2;0.0;11.4;13.3;13.8;39.4;22.5;37.3;16.7;PT  ;Laser okay
 01:02:17;14:07:04;16.49;24.0;11.2;1.4;-0.8;37.2;33.2;7.0;0.0;0.0;11.4;13.4;13.8;37.9;19.7;35.3;16.4;PT  ;Laser okay
 01:02:17;14:07:35;16.50;24.0;11.1;1.4;-0.8;118.1;51.4;5.6;2.4;0.0;11.4;13.3;13.7;59.5;50.9;58.2;25.4;PT  ;Laser okay
 01:02:17;14:08:06;16.51;24.0;11.1;1.4;-0.8;117.6;50.8;4.2;2.4;0.0;11.4;13.3;13.7;58.9;47.8;58.0;25.1;PT  ;Laser okay
 01:02:17;14:08:37;16.52;23.8;11.1;1.4;-0.8;113.2;49.0;5.6;1.2;0.0;11.4;13.3;13.7;50.4;47.3;59.8;24.2;PT  ;Laser okay
 01:02:17;14:09:08;16.53;23.7;11.1;1.4;-0.8;92.8;46.1;5.6;2.4;0.0;11.4;13.3;13.7;51.3;42.0;52.0;22.8;PT  ;Laser okay
 01:02:17;14:09:39;16.54;23.7;11.0;1.4;-0.8;111.3;50.5;5.6;1.2;0.0;11.4;13.3;13.7;55.3;52.9;49.7;24.9;PT  ;Laser okay
 01:02:17;14:10:10;16.55;23.7;11.0;1.4;-0.8;89.7;46.0;5.6;1.2;0.0;11.4;13.3;13.7;52.2;42.5;46.2;22.7;PT  ;Laser okay
 01:02:17;14:10:41;16.56;23.8;10.9;1.4;-0.8;77.9;42.0;5.6;1.2;0.0;11.4;13.3;13.7;46.7;35.8;42.7;20.8;PT  ;Laser okay
 01:02:17;14:11:12;16.57;23.8;11.0;1.4;-0.8;116.4;53.0;4.2;1.2;0.0;11.4;13.3;13.7;58.6;47.3;53.8;26.2;PT  ;Laser okay
 01:02:17;14:11:43;16.58;23.8;11.0;1.4;-0.8;78.6;15.2;5.6;-1.2;0.0;11.4;13.3;13.7;45.3;39.4;47.5;7.5;PT  ;Laser okay
 01:02:17;14:12:16;16.59;23.6;10.8;1.4;-0.8;121.3;28.9;5.6;4.8;0.0;11.4;13.2;13.7;55.1;51.8;55.1;14.3;PT  ;Laser okay
 01:02:17;14:13:11;16.60;23.6;10.7;1.4;-0.8;63.1;1.8;4.2;0.0;0.0;11.4;13.3;13.7;42.8;30.9;40.3;0.9;PT  ;Laser okay
 01:02:17;14:13:55;16.60;23.4;10.9;1.4;-0.8;0.0;0.0;0.0;0.0;0.0;11.5;13.3;13.8;32.9;23.9;33.7;0.0;PT  ;Laser okay
 01:02:17;14:14:25;16.61;23.3;10.8;1.4;-0.8;0.0;0.6;0.0;0.0;0.0;11.5;13.4;13.9;20.8;19.4;21.8;0.4;PT  ;Laser okay
 01:02:17;14:14:56;16.61;23.3;10.9;1.4;-0.8;0.0;0.4;0.0;0.0;0.0;11.5;13.4;13.9;20.5;18.8;21.5;0.3;PT  ;Laser okay
 01:02:17;14:15:27;16.61;23.3;10.9;1.4;-0.8;0.0;7.0;0.0;0.0;0.0;11.5;13.4;13.9;20.5;18.6;21.5;3.4;PT  ;Laser okay
 01:02:17;14:20:52;16.61;23.2;10.7;1.4;-0.8;37.4;0.0;4.2;0.0;0.1;11.5;13.4;13.9;21.0;17.3;21.4;0.0;PT  ;Laser okay
 01:02:17;14:21:22;16.62;23.3;10.9;1.4;-0.8;51.4;26.8;5.6;7.2;0.0;11.5;13.3;13.8;41.5;25.7;37.0;13.2;PT  ;Laser okay
 01:02:17;14:21:53;16.64;23.3;10.7;1.4;-0.8;84.2;33.0;5.6;1.2;0.0;11.4;13.3;13.7;48.6;36.8;46.5;16.3;PT  ;Laser okay
 01:02:17;14:22:24;16.64;23.2;10.8;1.4;-0.8;77.9;31.8;5.6;1.2;0.0;11.4;13.3;13.7;48.7;35.1;43.4;15.7;PT  ;Laser okay
 01:02:17;14:22:55;16.65;23.3;10.7;1.4;-0.8;96.1;35.2;5.6;2.4;0.0;11.4;13.3;13.7;52.0;36.7;44.6;17.4;PT  ;Laser okay
 01:02:17;14:23:26;16.66;23.1;10.6;1.4;-0.8;81.7;33.7;5.6;2.4;0.0;11.4;13.3;13.7;47.9;38.0;46.9;16.7;PT  ;Laser okay
 01:02:17;14:23:57;16.66;23.1;10.5;1.4;-0.8;75.9;30.9;5.6;1.2;0.0;11.4;13.3;13.8;45.4;32.2;41.7;15.3;PT  ;Laser okay
 01:02:17;14:24:28;16.67;23.1;10.6;1.4;-0.8;94.5;35.1;5.6;2.4;0.0;11.4;13.3;13.7;49.2;35.1;47.7;17.3;PT  ;Laser okay
 01:02:17;14:24:59;16.68;23.0;10.4;1.4;-0.8;70.4;32.3;5.6;1.2;0.0;11.4;13.3;13.7;46.6;32.6;44.1;16.0;PT  ;Laser okay
 01:02:17;14:25:30;16.69;22.9;10.4;1.4;-0.8;69.7;32.7;5.6;1.2;0.0;11.4;13.3;13.7;46.6;31.0;46.2;16.2;PT  ;Laser okay
 01:02:17;14:26:01;16.69;22.9;10.4;1.4;-0.8;63.0;28.3;5.6;0.0;0.0;11.4;13.3;13.8;41.4;26.4;41.2;14.0;PT  ;Laser okay
 01:02:17;14:26:32;16.70;22.9;10.3;1.4;-0.8;104.4;40.1;5.6;2.4;0.0;11.4;13.3;13.7;52.0;40.4;56.9;19.8;PT  ;Laser okay
 01:02:17;14:27:03;16.71;23.0;10.4;1.4;-0.8;70.1;32.5;5.6;1.2;0.0;11.4;13.3;13.7;43.9;32.2;44.1;16.1;PT  ;Laser okay
 01:02:17;14:27:34;16.71;22.9;10.3;1.4;-0.8;55.5;28.2;7.0;1.2;0.0;11.4;13.3;13.8;39.0;24.8;39.5;13.9;PT  ;Laser okay
 01:02:17;14:28:05;16.72;22.8;10.3;1.4;-0.8;82.6;33.1;5.6;1.2;0.0;11.4;13.3;13.7;44.4;30.2;45.8;16.4;PT  ;Laser okay
 01:02:17;14:28:36;16.73;22.7;10.4;1.4;-0.8;60.6;30.4;5.6;1.2;0.0;11.4;13.3;13.8;41.4;26.0;41.4;15.0;PT  ;Laser okay
 01:02:17;14:29:07;16.73;22.7;10.4;1.4;-0.8;84.5;33.8;7.0;1.2;0.0;11.4;13.3;13.8;46.8;28.5;43.9;16.7;PT  ;Laser okay
 01:02:17;14:29:38;16.74;22.8;10.3;1.4;-0.8;56.4;28.6;7.0;0.0;0.0;11.4;13.3;13.8;38.4;22.7;37.2;14.1;PT  ;Laser okay
 01:02:17;14:30:09;16.74;22.7;10.2;1.4;-0.8;75.0;33.7;5.6;1.2;0.0;11.4;13.3;13.7;44.5;27.6;43.7;16.6;PT  ;Laser okay
 01:02:17;14:30:40;16.75;22.7;10.2;1.4;-0.8;84.9;38.0;5.6;1.2;0.0;11.4;13.3;13.7;48.2;35.2;47.1;18.8;PT  ;Laser okay
 01:02:17;14:31:11;16.75;22.5;10.2;1.4;-0.8;56.7;31.3;5.6;0.0;0.0;11.4;13.3;13.8;39.9;25.8;40.0;15.5;PT  ;Laser okay
 01:02:17;14:31:42;16.76;22.5;10.2;1.4;-0.8;76.6;34.7;5.6;1.2;0.0;11.4;13.3;13.8;43.4;31.8;42.6;17.1;PT  ;Laser okay
 01:02:17;14:32:13;16.76;22.5;10.3;1.4;-0.8;77.2;35.4;5.6;0.0;0.0;11.5;13.3;13.8;43.2;33.3;43.2;17.5;PT  ;Laser okay
 01:02:17;14:32:50;16.77;22.4;10.2;1.4;-0.8;89.3;31.8;5.6;-1.2;0.0;11.4;13.3;13.7;47.1;37.8;54.6;15.7;PT  ;Laser okay
 01:02:17;14:33:20;16.78;22.3;10.1;1.4;-0.8;101.7;42.0;5.6;0.0;0.0;11.4;13.2;13.7;56.2;45.8;50.4;20.8;PT  ;Laser okay
 01:02:17;14:33:51;16.79;22.3;10.0;1.4;-0.8;80.4;21.1;7.0;2.4;0.0;11.4;13.3;13.7;47.7;33.6;45.9;10.4;PT  ;Laser okay
 01:02:17;14:34:22;16.80;22.3;10.1;1.4;-0.8;100.8;38.1;5.6;2.4;0.0;11.4;13.3;13.7;48.0;38.6;54.1;18.8;PT  ;Laser okay
 01:02:17;14:34:53;16.81;22.3;10.1;1.4;-0.8;135.6;48.8;5.6;2.4;0.0;11.4;13.2;13.7;64.1;58.2;54.3;24.1;PT  ;Laser okay
 01:02:17;14:35:24;16.82;22.2;10.0;1.4;-0.8;97.6;42.0;5.6;2.4;0.0;11.4;13.3;13.7;54.0;39.6;54.0;20.7;PT  ;Laser okay
 01:02:17;14:35:55;16.83;22.3;10.1;1.4;-0.8;103.0;42.6;5.6;2.4;0.0;11.4;13.3;13.7;57.5;40.2;55.1;21.1;PT  ;Laser okay
 01:02:17;14:36:26;16.84;22.3;10.1;1.4;-0.8;106.4;39.8;5.6;2.4;0.0;11.4;13.3;13.7;54.6;39.0;49.1;19.7;PT  ;Laser okay
 01:02:17;14:36:57;16.85;22.1;10.2;1.4;-0.8;84.7;36.7;5.6;1.2;0.0;11.4;13.3;13.7;47.6;33.2;47.8;18.1;PT  ;Laser okay
 01:02:17;14:37:28;16.86;22.1;10.0;1.4;-0.8;82.2;35.3;5.6;1.2;0.0;11.4;13.3;13.7;44.3;32.5;47.1;17.5;PT  ;Laser okay
 01:02:17;14:37:59;16.87;22.1;10.1;1.4;-0.8;73.1;33.5;5.6;1.2;0.0;11.4;13.3;13.8;44.9;29.3;39.7;16.6;PT  ;Laser okay
 01:02:17;14:38:30;16.87;22.2;9.9;1.4;-0.8;80.8;37.8;5.6;2.4;0.0;11.4;13.3;13.8;47.0;32.8;44.9;18.7;PT  ;Laser okay
 01:02:17;14:39:01;16.88;22.0;9.9;1.4;-0.8;100.2;41.6;5.6;1.2;0.0;11.4;13.3;13.7;55.9;36.8;50.2;20.5;PT  ;Laser okay
 01:02:17;14:39:32;16.89;22.0;9.9;1.4;-0.8;92.1;39.4;5.6;2.4;0.0;11.4;13.3;13.7;53.5;32.8;50.6;19.5;PT  ;Laser okay
 01:02:17;14:40:03;16.90;22.2;9.9;1.4;-0.8;80.2;34.6;5.6;1.2;0.0;11.4;13.3;13.7;42.9;29.7;43.6;17.1;PT  ;Laser okay
 01:02:17;14:40:34;16.91;22.0;9.7;1.4;-0.8;77.5;35.8;5.6;1.2;0.0;11.4;13.3;13.7;44.8;29.6;44.7;17.7;PT  ;Laser okay
 01:02:17;14:41:05;16.91;21.9;9.6;1.4;-0.8;68.0;34.5;5.6;1.2;0.0;11.4;13.3;13.8;42.4;26.6;42.1;17.1;PT  ;Laser okay
 01:02:17;14:41:36;16.92;21.9;9.3;1.4;-0.8;67.2;34.6;5.6;1.2;0.0;11.4;13.3;13.8;43.2;28.0;41.0;17.1;PT  ;Laser okay
 01:02:17;14:42:07;16.92;21.8;9.4;1.4;-0.8;52.2;30.5;5.6;0.0;0.0;11.4;13.3;13.8;38.7;22.6;35.0;15.1;PT  ;Laser okay
 01:02:17;14:42:38;16.93;21.8;9.4;1.4;-0.8;49.5;31.0;5.6;1.2;0.0;11.4;13.4;13.8;37.5;20.0;34.1;15.3;PT  ;Laser okay
 01:02:17;14:43:09;16.93;21.8;9.5;1.4;-0.8;63.8;35.4;5.6;1.2;0.0;11.4;13.3;13.8;43.1;25.5;36.8;17.5;PT  ;Laser okay
 01:02:17;14:43:40;16.95;21.7;9.4;1.4;-0.8;123.1;47.8;5.6;2.4;0.0;11.4;13.3;13.7;59.9;49.2;48.8;23.6;PT  ;Laser okay
 01:02:17;14:44:43;16.96;21.9;9.2;1.4;-0.8;3.1;2.5;-9.8;-1.2;0.0;11.4;13.3;13.8;40.4;40.3;37.3;1.2;PT  ;Laser okay
 01:02:17;14:45:13;16.97;21.7;9.4;1.4;-0.8;102.1;34.8;5.6;1.2;0.0;11.4;13.3;13.7;45.9;38.8;48.5;17.2;PT  ;Laser okay
 01:02:17;14:45:59;16.98;21.7;9.6;1.4;-0.8;96.2;17.2;4.2;-1.2;0.0;11.4;13.3;13.7;46.0;41.0;45.2;8.5;PT  ;Laser okay
 01:02:17;14:46:30;16.99;21.6;9.6;1.4;-0.8;86.7;31.3;5.6;1.2;0.0;11.4;13.3;13.8;42.9;31.5;42.9;15.5;PT  ;Laser okay
 01:02:17;14:47:01;17.00;21.5;9.7;1.4;-0.8;92.9;35.1;5.6;1.2;0.0;11.4;13.3;13.7;43.1;36.8;47.3;17.3;PT  ;Laser okay
 01:02:17;14:47:32;17.01;21.5;9.6;1.4;-0.8;68.9;31.0;5.6;2.4;0.0;11.4;13.3;13.8;42.0;29.2;39.2;15.3;PT  ;Laser okay
 01:02:17;14:48:03;17.01;21.5;9.6;1.4;-0.8;79.1;32.5;5.6;1.2;0.0;11.4;13.3;13.8;39.5;31.6;40.9;16.1;PT  ;Laser okay
 01:02:17;14:48:34;17.02;21.4;9.6;1.4;-0.8;73.2;34.9;7.0;1.2;0.0;11.4;13.3;13.8;42.4;31.8;40.2;17.2;PT  ;Laser okay
 01:02:17;14:49:05;17.03;21.4;9.5;1.4;-0.8;112.4;43.3;5.6;2.4;0.0;11.4;13.3;13.7;54.2;44.1;47.0;21.4;PT  ;Laser okay
 01:02:17;14:49:36;17.04;21.5;9.4;1.4;-0.8;98.7;39.6;5.6;2.4;0.0;11.4;13.3;13.7;44.1;38.1;49.5;19.6;PT  ;Laser okay
 01:02:17;14:50:07;17.05;21.3;9.5;1.4;-0.8;116.5;45.4;5.6;1.2;0.0;11.4;13.3;13.7;52.0;46.1;52.4;22.4;PT  ;Laser okay
 01:02:17;14:50:38;17.06;21.3;9.3;1.4;-0.8;84.9;36.7;5.6;1.2;0.0;11.4;13.3;13.7;43.3;34.7;43.1;18.1;PT  ;Laser okay
 01:02:17;14:51:09;17.07;21.3;9.4;1.4;-0.8;73.6;34.9;5.6;1.2;0.0;11.4;13.3;13.8;42.5;30.6;40.4;17.2;PT  ;Laser okay
 01:02:17;14:51:40;17.07;21.2;9.5;1.4;-0.8;51.5;26.6;5.6;0.0;0.0;11.5;5.1;14.1;34.0;29.4;33.9;13.1;PT  ;Laser okay
 01:02:17;14:52:11;17.08;21.2;9.6;1.4;-0.8;96.7;36.9;5.6;1.2;0.0;11.4;5.1;14.0;46.4;45.6;42.0;18.2;PT  ;Laser okay
 01:02:17;14:52:42;17.09;21.1;9.5;1.4;-0.8;81.5;34.5;5.6;1.2;0.0;11.4;5.1;14.0;43.4;42.0;46.8;17.1;PT  ;Laser okay
 01:02:17;14:53:13;17.09;21.0;9.4;1.4;-0.8;73.0;33.1;5.6;1.2;0.0;11.4;5.1;14.1;39.7;42.2;43.0;16.4;PT  ;Laser okay
 01:02:17;14:53:44;17.10;21.1;9.4;1.4;-0.8;61.9;31.7;5.6;1.2;0.0;11.4;5.2;14.1;38.1;38.2;38.1;15.6;PT  ;Laser okay
 01:02:17;14:54:15;17.11;21.1;9.4;1.4;-0.8;85.1;37.4;5.6;1.2;0.0;11.4;5.1;14.1;45.2;44.1;46.5;18.5;PT  ;Laser okay
 01:02:17;14:54:46;17.12;21.0;9.5;1.4;-0.8;81.9;33.8;5.6;1.2;0.0;11.4;5.1;14.1;42.8;39.3;44.4;16.7;PT  ;Laser okay
 01:02:17;14:55:17;17.12;20.9;9.5;1.4;-0.8;62.1;30.0;5.6;1.2;0.0;11.4;5.2;14.1;36.8;35.9;36.3;14.8;PT  ;Laser okay
 01:02:17;14:55:48;17.13;21.0;9.6;1.4;-0.8;63.4;32.9;5.6;1.2;0.0;11.4;5.2;14.1;39.3;39.1;40.5;16.3;PT  ;Laser okay
 01:02:17;14:56:19;17.13;20.9;9.5;1.4;-0.8;89.1;35.3;7.0;1.2;0.0;11.4;5.1;14.1;43.2;40.9;42.8;17.4;PT  ;Laser okay
 01:02:17;14:56:50;17.14;21.0;9.5;1.4;-0.8;98.2;39.6;5.6;2.4;0.0;11.4;5.1;14.1;45.2;44.7;46.6;19.6;PT  ;Laser okay
 01:02:17;14:57:21;17.15;21.0;9.4;1.4;-0.8;95.1;37.9;5.6;2.4;0.0;11.4;5.1;14.1;49.4;43.3;44.4;18.7;PT  ;Laser okay
 01:02:17;14:57:52;17.15;20.9;9.3;1.4;-0.8;61.5;29.5;7.0;0.0;0.0;11.4;5.2;14.1;39.3;35.5;36.3;14.6;PT  ;Laser okay
 01:02:17;14:58:23;17.16;20.8;9.3;1.4;-0.8;105.1;41.6;5.6;2.4;0.0;11.4;5.1;14.0;49.3;47.2;55.5;20.6;PT  ;Laser okay
 01:02:17;14:59:09;17.17;20.9;9.2;1.4;-0.8;73.2;2.9;5.6;1.2;0.0;11.4;5.1;14.2;40.7;48.8;33.9;1.4;PT  ;Laser okay
 01:02:17;14:59:40;17.18;20.7;9.3;1.4;-0.8;82.5;29.4;5.6;0.0;0.0;11.4;5.1;14.2;43.0;48.9;42.5;14.5;PT  ;Laser okay
 01:02:17;15:00:11;17.19;20.8;9.2;1.4;-0.9;77.4;27.5;5.6;-1.2;0.0;11.4;5.1;14.2;45.1;48.8;39.0;13.6;PT  ;Laser okay
 01:02:17;15:00:42;17.21;20.8;9.2;1.4;-0.8;119.5;42.5;4.2;1.2;0.0;11.4;5.1;14.1;49.3;50.2;61.3;21.0;PT  ;Laser okay
 01:02:17;15:01:13;17.22;20.7;9.3;1.4;-0.9;117.1;43.7;5.6;2.4;0.0;11.4;5.1;14.1;52.0;49.3;57.6;21.6;PT  ;Laser okay
 01:02:17;15:01:45;17.23;20.6;9.3;1.4;-0.9;107.9;26.7;5.6;2.4;0.0;11.4;5.1;14.2;53.2;48.6;51.8;13.2;PT  ;Laser okay
 01:02:17;15:02:15;17.23;20.6;9.2;1.4;-0.8;109.2;40.8;4.2;1.2;0.0;11.4;5.1;14.2;50.7;48.6;53.5;20.2;PT  ;Laser okay
 01:02:17;15:02:46;17.24;20.6;9.2;1.4;-0.8;111.0;43.3;5.6;1.2;0.0;11.4;5.1;14.2;55.2;48.6;50.2;21.4;PT  ;Laser okay
 01:02:17;15:03:17;17.25;20.5;9.1;1.4;-0.8;86.8;37.1;5.6;2.4;0.0;11.4;5.1;14.2;48.0;48.4;45.0;18.3;PT  ;Laser okay
 01:02:17;15:03:48;17.26;20.5;9.0;1.4;-0.8;79.3;36.0;5.6;1.2;0.0;11.4;5.1;14.2;45.3;48.3;43.3;17.8;PT  ;Laser okay
 01:02:17;15:04:19;17.27;20.5;9.0;1.4;-0.8;76.8;34.3;5.6;1.2;0.0;11.5;5.1;14.2;43.4;48.0;39.7;16.9;PT  ;Laser okay
 01:02:17;15:04:50;17.27;20.5;8.9;1.4;-0.8;73.8;36.7;5.6;1.2;0.0;11.4;5.1;14.2;47.2;48.2;42.3;18.1;PT  ;Laser okay
 01:02:17;15:05:21;17.28;20.4;8.9;1.4;-0.8;127.1;49.7;4.2;2.4;0.0;11.4;5.1;14.1;56.3;48.4;69.1;24.5;PT  ;Laser okay
 01:02:17;15:05:52;17.29;20.4;8.9;1.4;-0.8;115.8;42.5;5.6;2.4;0.0;11.4;5.1;14.2;49.6;48.3;54.8;21.0;PT  ;Laser okay
 01:02:17;15:06:23;17.30;20.3;9.1;1.4;-0.8;93.5;41.3;5.6;2.4;0.0;11.4;5.1;14.2;49.3;48.3;47.5;20.4;PT  ;Laser okay
 01:02:17;15:06:54;17.31;20.4;9.1;1.4;-0.9;97.3;44.3;5.6;1.2;0.0;11.4;5.1;14.2;51.2;48.3;47.7;21.9;PT  ;Laser okay
 01:02:17;15:07:25;17.32;20.4;9.0;1.4;-0.8;85.8;39.9;5.6;1.2;0.0;11.4;5.1;14.2;44.4;48.1;46.7;19.7;PT  ;Laser okay
 01:02:17;15:07:56;17.32;20.3;8.9;1.4;-0.8;84.2;36.7;5.6;1.2;0.0;11.5;5.1;14.2;41.3;47.7;41.3;18.1;PT  ;Laser okay
 01:02:17;15:08:27;17.33;20.4;9.1;1.4;-0.8;51.6;27.6;5.6;0.0;0.0;14.1;5.2;14.3;48.7;33.9;23.3;13.6;PT  ;Laser okay
 01:02:17;15:08:58;17.33;20.3;9.2;1.4;-0.8;61.3;33.9;5.6;2.4;0.0;14.1;5.2;14.3;46.9;35.8;28.5;16.8;PT  ;Laser okay
 01:02:17;15:09:29;17.34;20.2;9.1;1.4;-0.8;87.9;39.0;5.6;1.2;0.0;14.1;5.2;14.3;51.2;44.7;41.0;19.3;PT  ;Laser okay
 01:02:17;15:10:00;17.34;20.3;9.2;1.4;-0.8;50.9;33.4;5.6;0.0;0.0;14.1;5.2;14.3;44.5;37.4;31.2;16.5;PT  ;Laser okay
 01:02:17;15:10:31;17.34;20.4;9.2;1.4;-0.8;42.5;32.3;5.6;0.0;0.0;14.1;5.2;14.4;43.5;36.1;27.4;15.9;PT  ;Laser okay
 01:02:17;15:11:02;17.34;20.4;9.2;1.4;-0.8;39.4;30.8;5.6;0.0;0.0;14.1;5.2;14.4;41.2;33.4;23.8;15.2;PT  ;Laser okay
 01:02:17;15:11:33;17.35;20.2;9.3;1.4;-0.9;86.7;45.2;5.6;3.6;0.0;14.1;5.2;14.4;56.4;46.1;41.7;22.3;PT  ;Laser okay
 01:02:17;15:12:04;17.37;20.2;9.2;1.4;-0.9;113.3;50.9;5.6;3.6;0.0;14.0;5.1;14.4;59.9;49.6;52.6;25.1;PT  ;Laser okay
 01:02:17;15:12:35;17.38;20.4;8.9;1.4;-0.8;90.7;44.7;5.6;-1.2;0.0;14.1;5.2;14.4;56.2;47.8;43.0;22.1;PT  ;Laser okay
 01:02:17;15:13:09;17.39;20.1;8.9;1.4;-0.9;0.0;0.0;0.0;-3.6;0.0;14.1;5.2;14.5;31.0;47.9;23.5;0.0;PT  ;Laser okay
 01:02:17;15:13:39;17.39;19.9;9.0;1.4;-0.8;0.0;0.0;0.0;0.0;0.0;14.1;5.2;14.5;29.7;47.9;22.8;0.0;PT  ;Laser okay
 01:02:17;15:14:10;17.39;20.1;9.0;1.4;-0.8;0.0;0.1;0.0;0.0;0.0;14.1;5.2;14.5;29.5;47.9;22.8;0.0;PT  ;Laser okay
 01:02:17;15:15:52;17.39;20.0;8.9;1.4;-0.8;52.1;0.0;2.8;0.0;0.0;14.1;5.2;14.5;33.0;47.6;24.7;0.0;PT  ;Laser okay
 01:02:17;15:16:22;17.40;20.0;9.0;1.4;-0.8;91.0;29.4;5.6;4.8;0.0;14.1;5.2;14.5;50.4;47.4;49.9;14.5;PT  ;Laser okay
 01:02:17;15:16:53;17.41;20.0;8.7;1.4;-0.9;96.8;26.5;5.6;0.0;0.0;14.1;5.2;14.5;51.0;48.2;46.0;13.1;PT  ;Laser okay
 01:02:17;15:17:24;17.42;20.0;8.8;1.4;-0.9;82.4;26.8;5.6;1.2;0.0;14.1;5.2;14.5;56.6;47.9;38.7;13.2;PT  ;Laser okay
 01:02:17;15:17:55;17.43;19.9;8.9;1.4;-0.8;76.6;26.1;5.6;2.4;0.0;14.1;5.2;14.5;53.1;48.0;40.5;12.9;PT  ;Laser okay
 01:02:17;15:18:26;17.44;19.9;8.8;1.4;-0.8;109.3;34.4;5.6;2.4;0.0;14.1;5.2;14.5;59.2;48.3;58.2;17.0;PT  ;Laser okay
 01:02:17;15:18:57;17.45;19.9;8.6;1.4;-0.9;100.1;30.4;4.2;1.2;0.0;14.1;5.2;14.5;59.2;48.4;50.7;15.0;PT  ;Laser okay
 01:02:17;15:19:28;17.46;19.8;8.7;1.4;-0.9;99.2;30.5;5.6;2.4;0.0;14.1;5.2;14.5;53.4;48.4;49.5;15.1;PT  ;Laser okay
 01:02:17;15:19:59;17.47;19.8;8.7;1.4;-0.8;93.5;31.1;5.6;1.2;0.0;14.1;5.2;14.5;55.0;48.4;45.2;15.3;PT  ;Laser okay
 01:02:17;15:20:30;17.48;19.8;8.7;1.4;-0.8;70.5;24.1;7.0;1.2;0.0;14.1;5.2;14.5;44.0;48.3;38.6;11.9;PT  ;Laser okay
 01:02:17;15:21:01;17.48;19.7;8.7;1.4;-0.9;70.2;22.9;5.6;1.2;0.0;14.1;5.2;14.5;42.3;48.3;37.1;11.3;PT  ;Laser okay
 01:02:17;15:21:32;17.49;19.7;8.6;1.4;-0.9;67.4;25.1;7.0;1.2;0.0;14.1;5.2;14.5;43.2;48.3;39.0;12.4;PT  ;Laser okay
 01:02:17;15:22:03;17.49;19.6;8.6;1.4;-0.9;73.5;25.4;7.0;1.2;0.0;14.1;5.2;14.5;47.3;48.4;37.3;12.5;PT  ;Laser okay
 01:02:17;15:22:34;17.50;19.7;8.6;1.4;-0.9;80.8;27.6;5.6;1.2;0.0;14.1;5.2;14.5;48.5;48.5;39.6;13.6;PT  ;Laser okay
 01:02:17;15:23:05;17.51;19.6;8.6;1.4;-0.8;78.6;27.7;5.6;1.2;0.0;14.1;5.2;14.5;48.6;48.5;38.8;13.7;PT  ;Laser okay
 01:02:17;15:23:36;17.51;19.5;8.5;1.4;-0.9;59.9;23.8;7.0;1.2;0.0;14.1;5.2;14.5;41.8;46.8;32.7;11.8;PT  ;Laser okay
 01:02:17;15:24:07;17.51;19.5;8.6;1.4;-0.8;56.0;26.8;7.0;1.2;0.0;14.1;5.2;14.5;40.4;45.7;32.4;13.3;PT  ;Laser okay
 01:02:17;15:24:38;17.53;19.7;8.5;1.4;-0.8;92.7;33.4;5.6;1.2;0.0;14.1;5.2;14.5;48.5;48.4;51.8;16.5;PT  ;Laser okay
 01:02:17;15:25:09;17.54;19.5;8.6;1.4;-0.9;80.0;29.3;5.6;1.2;0.0;14.1;5.2;14.5;44.8;48.1;40.3;14.5;PT  ;Laser okay
 01:02:17;15:25:40;17.55;19.6;8.6;1.4;-0.9;88.8;33.4;5.6;1.2;0.0;14.1;5.2;14.5;54.6;48.5;47.6;16.5;PT  ;Laser okay
 01:02:17;15:26:11;17.56;19.5;8.3;1.4;-0.9;114.9;37.1;5.6;2.4;0.0;14.1;5.2;14.5;58.2;49.3;55.3;18.3;PT  ;Laser okay
 01:02:17;15:26:42;17.57;19.4;8.3;1.4;-0.9;91.4;32.7;5.6;1.2;0.0;14.1;5.2;14.5;54.3;48.6;48.2;16.1;PT  ;Laser okay
 01:02:17;15:27:13;17.58;19.6;8.3;1.4;-0.9;117.8;37.9;5.6;2.4;0.0;14.0;5.2;14.5;61.9;48.7;52.9;18.7;PT  ;Laser okay
 01:02:17;15:27:47;17.59;19.4;8.1;1.4;-0.9;89.7;15.3;4.2;1.2;0.0;14.1;5.2;14.5;49.5;49.2;40.2;7.6;PT  ;Laser okay
 01:02:17;15:28:18;17.60;19.3;8.2;1.4;-0.9;121.9;39.0;4.2;2.4;0.0;14.0;5.2;14.5;62.9;51.9;51.5;19.3;PT  ;Laser okay
 01:02:17;15:28:49;17.61;19.2;8.1;1.4;-0.8;91.2;29.7;5.6;2.4;0.0;14.1;5.2;14.5;50.4;49.2;44.3;14.7;PT  ;Laser okay
 01:02:17;15:29:20;17.62;19.1;8.1;1.4;-0.8;104.5;34.8;5.6;2.4;0.0;14.1;5.2;14.5;53.7;51.5;47.8;17.2;PT  ;Laser okay
 01:02:17;15:29:51;17.63;19.2;8.2;1.4;-0.8;78.2;28.7;7.0;2.4;0.0;14.1;5.2;14.5;46.6;49.3;40.5;14.2;PT  ;Laser okay
 01:02:17;15:30:22;17.63;19.0;8.0;1.4;-0.9;65.4;25.5;5.6;1.2;0.0;14.1;5.2;14.5;39.0;49.3;33.0;12.6;PT  ;Laser okay
 01:02:17;15:30:53;17.64;19.0;8.1;1.4;-0.9;110.0;35.4;5.6;1.2;0.0;14.1;5.2;14.5;56.4;51.1;47.3;17.5;PT  ;Laser okay
 01:02:17;15:31:24;17.65;19.0;8.0;1.3;-0.9;90.7;30.4;5.6;-1.2;0.0;14.1;5.2;14.5;48.3;49.4;43.2;15.0;PT  ;Laser okay
 01:02:17;15:31:55;17.66;19.0;7.9;1.3;-0.9;88.4;31.1;5.6;2.4;0.0;14.1;5.2;14.5;48.4;50.0;45.5;15.4;PT  ;Laser okay
 01:02:17;15:32:26;17.66;18.8;7.9;1.3;-0.8;60.3;25.7;5.6;1.2;0.0;14.1;5.2;14.5;41.9;49.4;35.0;12.7;PT  ;Laser okay
 01:02:17;15:32:57;17.67;18.9;8.0;1.3;-0.9;102.5;35.0;4.2;0.0;0.0;14.1;5.1;14.5;52.8;56.8;51.6;17.3;PT  ;Laser okay
 01:02:17;15:33:28;17.69;18.7;8.0;1.3;-0.9;121.1;40.0;5.6;2.4;0.0;14.1;5.1;14.5;54.7;62.2;52.5;19.7;PT  ;Laser okay
 01:02:17;15:33:59;17.69;18.6;7.9;1.3;-0.9;105.3;36.6;5.6;2.4;0.0;14.1;5.1;14.5;55.0;56.4;46.6;18.1;PT  ;Laser okay
 01:02:17;15:34:30;17.70;18.7;7.9;1.3;-0.9;98.2;36.5;5.6;2.4;0.0;14.1;5.1;14.5;52.4;58.4;45.2;18.0;PT  ;Laser okay
 01:02:17;15:35:01;17.71;18.7;7.9;1.3;-0.9;77.7;34.1;5.6;2.4;0.0;14.1;5.1;14.5;51.4;52.5;42.4;16.8;PT  ;Laser okay
 01:02:17;15:35:32;17.72;18.7;7.8;1.3;-0.9;83.3;34.8;5.6;1.2;0.0;14.1;5.1;14.5;49.9;52.1;40.9;17.2;PT  ;Laser okay
 01:02:17;15:36:03;17.73;18.6;8.0;1.3;-0.8;67.9;32.3;5.6;1.2;0.0;14.1;5.1;14.5;46.9;50.3;38.1;15.9;PT  ;Laser okay
 01:02:17;15:36:40;17.73;18.5;7.9;1.3;-0.9;72.0;5.9;5.6;0.0;0.0;14.1;5.1;14.5;41.6;53.1;39.6;2.9;PT  ;Laser okay
 01:02:17;15:37:10;17.75;18.4;7.8;1.3;-0.9;98.1;28.1;4.2;0.0;0.0;14.1;5.0;14.5;52.8;65.5;45.8;13.9;PT  ;Laser okay
 01:02:17;15:37:41;17.76;18.3;7.8;1.3;-0.8;99.3;37.9;5.6;1.2;0.0;14.1;5.1;14.5;51.1;65.5;49.3;18.7;PT  ;Laser okay
 01:02:17;15:38:12;17.76;18.3;7.8;1.3;-0.8;74.5;33.1;5.6;1.2;0.0;14.1;5.1;14.5;47.1;55.0;40.9;16.3;PT  ;Laser okay
 01:02:17;15:38:43;17.77;18.3;7.8;1.3;-0.8;85.6;37.7;5.6;2.4;0.0;14.1;5.1;14.5;48.9;58.9;45.2;18.6;PT  ;Laser okay
 01:02:17;15:39:14;17.78;18.1;7.8;1.3;-0.8;74.2;34.4;7.0;0.0;0.0;14.1;5.1;14.5;44.6;56.5;41.2;17.0;PT  ;Laser okay
 01:02:17;15:39:45;17.78;18.2;7.7;1.3;-0.8;58.6;32.4;7.0;0.0;0.0;14.1;5.1;14.5;40.4;51.2;34.5;16.0;PT  ;Laser okay
 01:02:17;15:40:16;17.78;18.1;7.7;1.3;-0.8;63.3;32.5;7.0;1.2;0.0;14.1;5.1;14.5;40.9;50.9;36.5;16.1;PT  ;Laser okay
 01:02:17;15:40:47;17.79;18.1;7.8;1.3;-0.8;80.9;36.6;7.0;1.2;0.0;14.1;5.1;14.5;45.9;53.6;44.8;18.1;PT  ;Laser okay
 01:02:17;15:41:18;17.80;18.1;7.7;1.3;-0.8;79.3;35.9;5.6;0.0;0.0;14.1;5.1;14.5;46.8;55.0;41.0;17.7;PT  ;Laser okay
 01:02:17;15:41:49;17.80;18.1;7.7;1.3;-0.8;70.4;34.8;5.6;1.2;0.0;14.1;5.1;14.5;43.4;52.3;37.7;17.2;PT  ;Laser okay
 01:02:17;15:42:20;17.81;18.1;7.7;1.3;-0.8;68.0;35.0;5.6;1.2;0.0;14.1;5.1;14.5;44.5;52.5;37.8;17.3;PT  ;Laser okay
 01:02:17;15:42:51;17.81;17.9;7.8;1.3;-0.8;100.5;42.5;5.6;2.4;0.0;14.1;5.1;14.5;54.3;60.5;46.2;21.0;PT  ;Laser okay
 01:02:17;15:43:22;17.84;18.0;7.7;1.3;-0.8;108.0;42.7;4.2;4.8;0.0;14.1;5.1;14.5;56.2;64.0;47.3;21.1;PT  ;Laser okay
 01:02:17;15:43:53;17.85;17.9;7.5;1.3;-0.8;118.2;46.9;4.2;4.8;0.0;14.1;5.0;14.5;61.0;70.7;53.0;23.1;PT  ;Laser okay
 01:02:17;15:44:24;17.86;18.1;7.5;1.3;-0.8;88.7;39.9;5.6;2.4;0.0;14.1;5.1;14.5;51.0;64.8;43.9;19.7;PT  ;Laser okay
 01:02:17;15:44:55;17.87;17.9;7.7;1.3;-0.8;91.9;39.1;5.6;0.0;0.0;14.1;5.0;14.5;52.9;68.0;50.7;19.3;PT  ;Laser okay
 01:02:17;15:45:26;17.88;16.8;6.7;1.3;-0.8;97.6;42.1;5.6;2.4;0.0;14.1;5.0;14.5;53.9;67.8;45.0;20.8;PT  ;Laser okay
 01:02:17;15:45:57;17.89;17.6;7.6;1.3;-0.8;91.6;39.6;7.0;1.2;0.0;14.1;5.0;14.5;53.6;70.9;42.0;19.5;PT  ;Laser okay
 01:02:17;15:46:28;17.90;17.5;7.4;1.3;-0.8;83.4;39.0;5.6;2.4;0.0;14.1;5.0;14.5;49.9;64.1;43.2;19.2;PT  ;Laser okay
 01:02:17;15:46:59;17.90;17.5;7.5;1.3;-0.8;61.7;32.8;7.0;1.2;0.0;14.1;5.1;14.5;44.5;55.2;35.7;16.2;PT  ;Laser okay
 01:02:17;15:47:30;17.91;17.5;7.7;1.2;-0.8;95.2;39.5;5.6;2.4;0.0;14.1;5.0;14.5;51.8;62.9;44.6;19.5;PT  ;Laser okay
 01:02:17;15:48:01;17.92;17.7;7.6;1.2;-0.8;65.9;33.7;5.6;1.2;0.0;14.1;5.1;14.5;44.1;57.5;39.8;16.6;PT  ;Laser okay
 01:02:17;15:48:32;17.93;17.6;7.5;1.2;-0.8;89.2;41.0;5.6;2.4;0.0;14.1;5.0;14.4;54.6;64.1;46.9;20.3;PT  ;Laser okay
 01:02:17;15:49:03;17.93;17.5;7.4;1.2;-0.8;91.4;41.4;5.6;1.2;0.0;14.1;5.0;14.4;51.8;68.2;46.7;20.5;PT  ;Laser okay
 01:02:17;15:49:34;17.94;17.4;7.5;1.2;-0.8;104.5;45.4;5.6;1.2;0.0;14.1;5.0;14.4;55.2;75.1;55.0;22.4;PT  ;Laser okay
 01:02:17;15:50:05;17.94;17.4;7.4;1.2;-0.8;90.4;41.0;5.6;1.2;0.0;14.0;5.0;14.4;51.1;68.5;42.3;20.3;PT  ;Laser okay
 01:02:17;15:50:36;17.95;17.5;7.4;1.2;-0.8;62.9;33.4;7.0;0.0;0.0;14.1;5.1;14.4;42.4;58.4;34.9;16.5;PT  ;Laser okay
 01:02:17;15:51:07;17.95;17.4;7.5;1.2;-0.8;77.9;39.4;7.0;1.2;0.0;14.1;5.0;14.4;48.3;70.3;44.7;19.5;PT  ;Laser okay
 01:02:17;15:51:38;17.96;17.3;7.3;1.2;-0.8;99.7;42.4;5.6;2.4;0.0;14.1;5.0;14.4;52.6;71.4;43.2;20.9;PT  ;Laser okay
 01:02:17;15:52:09;17.97;17.1;7.2;1.2;-0.8;90.0;42.7;7.0;1.2;0.0;14.1;5.0;14.4;49.1;77.3;53.3;21.1;PT  ;Laser okay
 01:02:17;15:52:40;17.98;17.2;7.3;1.2;-0.8;70.2;38.0;7.0;1.2;0.0;14.1;5.0;14.4;47.9;63.1;41.1;18.8;PT  ;Laser okay
 01:02:17;15:53:11;17.99;17.3;7.4;1.2;-0.8;64.9;38.3;5.6;1.2;0.0;14.1;5.1;14.4;46.6;59.6;39.8;18.9;PT  ;Laser okay
 01:02:17;15:53:42;17.99;17.1;7.3;1.2;-0.8;75.1;38.9;5.6;1.2;0.0;14.1;5.1;14.4;47.2;63.3;40.8;19.2;PT  ;Laser okay
 01:02:17;15:54:13;18.00;17.1;7.4;1.2;-0.8;73.2;39.1;5.6;1.2;0.0;14.1;5.1;14.4;47.5;61.5;41.0;19.3;PT  ;Laser okay
 01:02:17;15:54:44;18.00;17.2;7.5;1.2;-0.8;55.0;36.1;5.6;1.2;0.0;14.1;5.1;14.4;43.1;56.2;38.3;17.8;PT  ;Laser okay
 01:02:17;15:55:15;18.01;17.1;7.4;1.2;-0.8;65.9;37.8;5.6;1.2;0.0;14.1;5.1;14.4;45.8;59.0;40.2;18.7;PT  ;Laser okay
 01:02:17;15:55:46;18.02;17.0;7.4;1.2;-0.8;78.4;39.9;5.6;2.4;0.0;14.1;5.1;14.4;49.2;61.8;42.3;19.7;PT  ;Laser okay
 01:02:17;15:56:17;18.02;17.0;7.2;1.2;-0.8;102.4;46.1;5.6;2.4;0.0;14.1;5.1;14.4;56.5;71.4;44.6;22.8;PT  ;Laser okay
 01:02:17;15:56:48;18.03;17.0;7.3;1.2;-0.8;101.2;45.6;5.6;1.2;0.0;14.1;5.0;14.3;54.9;70.8;45.5;22.5;PT  ;Laser okay
 01:02:17;15:57:19;18.04;17.1;7.3;1.2;-0.8;65.0;38.6;5.6;1.2;0.0;14.1;5.1;14.4;46.7;58.3;38.8;19.0;PT  ;Laser okay
 01:02:17;15:57:50;18.04;17.1;7.4;1.2;-0.8;55.1;36.9;5.6;1.2;0.0;14.1;5.1;14.4;44.0;57.2;36.8;18.2;PT  ;Laser okay
 01:02:17;15:58:21;18.05;17.0;7.3;1.2;-0.8;64.6;39.1;5.6;1.2;0.0;14.1;5.1;14.4;46.8;57.8;38.8;19.3;PT  ;Laser okay
 01:02:17;15:58:52;18.05;16.9;7.4;1.2;-0.8;69.5;39.8;5.6;1.2;0.0;14.1;5.1;14.3;46.6;58.8;40.0;19.7;PT  ;Laser okay
 01:02:17;15:59:23;18.06;17.0;7.2;1.2;-0.8;60.2;37.8;5.6;1.2;0.0;14.1;5.1;14.3;45.6;56.5;37.6;18.7;PT  ;Laser okay
 01:02:17;15:59:54;18.07;16.9;7.3;1.2;-0.8;109.8;41.9;4.2;6.0;0.0;14.1;4.9;14.3;68.2;85.9;52.7;20.7;PT  ;Laser okay
 01:02:17;16:00:27;18.08;16.8;7.3;1.2;-0.8;134.0;17.6;2.8;1.2;0.0;14.0;4.7;14.2;66.0;100.7;63.9;8.7;PT  ;Laser okay
 01:02:17;16:01:16;18.11;16.7;7.1;1.2;-0.8;130.9;15.5;1.4;-1.2;0.0;14.1;4.6;14.3;60.9;112.7;51.2;7.7;PT  ;Laser okay
 01:02:17;16:01:48;18.12;16.7;7.3;1.2;-0.8;95.2;6.4;5.6;-1.2;0.0;14.1;4.8;14.2;57.4;83.4;49.1;3.1;PT  ;Laser okay
 01:02:17;16:02:19;18.13;16.7;7.1;1.2;-0.8;110.8;42.9;5.6;4.8;0.0;14.1;4.9;14.2;62.7;79.4;61.7;21.2;PT  ;Laser okay
 01:02:17;16:02:51;18.13;16.5;7.4;1.2;-0.8;0.0;0.0;0.0;0.0;0.0;14.1;5.1;14.3;40.7;55.1;37.5;0.0;PT  ;Laser okay
 01:02:17;16:03:21;18.14;16.7;7.4;1.2;-0.8;0.0;0.0;0.0;0.0;0.0;14.2;5.1;14.3;27.6;51.8;23.3;0.0;PT  ;Laser okay
 01:02:17;16:03:52;18.14;16.6;7.6;1.2;-0.8;0.0;0.1;0.0;0.0;0.0;14.2;5.1;14.3;27.6;51.9;23.1;0.1;PT  ;Laser okay
 01:02:17;16:04:36;18.14;16.3;7.1;1.2;-0.8;21.5;0.0;0.0;-1.2;0.0;14.2;5.1;14.3;27.9;52.7;23.5;0.0;PT  ;Laser okay
 01:02:17;16:05:06;18.16;16.4;7.3;1.1;-0.8;118.3;41.5;5.6;6.0;0.0;14.1;5.0;14.2;69.8;84.5;57.2;20.5;PT  ;Laser okay
 01:02:17;16:05:37;18.17;16.4;7.3;1.1;-0.8;93.8;36.6;5.6;2.4;0.0;14.1;5.0;14.2;61.5;75.0;52.2;18.1;PT  ;Laser okay
 01:02:17;16:06:08;18.17;16.4;7.2;1.1;-0.8;68.8;29.3;5.6;1.2;0.0;14.1;5.1;14.2;52.7;62.3;46.7;14.5;PT  ;Laser okay
 01:02:17;16:06:39;18.18;16.3;7.0;1.1;-0.8;77.4;33.0;5.6;2.4;0.0;14.1;5.1;14.2;54.5;65.2;47.7;16.3;PT  ;Laser okay
 01:02:17;16:07:10;18.19;16.1;6.9;1.1;-0.8;111.4;40.6;5.6;1.2;0.0;14.1;5.0;14.1;66.3;76.0;65.0;20.1;PT  ;Laser okay
 01:02:17;16:07:41;18.20;16.1;6.8;1.1;-0.7;97.9;37.7;4.2;2.4;0.0;14.1;5.0;14.1;62.4;76.6;56.3;18.6;PT  ;Laser okay
 01:02:17;16:08:12;18.21;16.1;6.9;1.1;-0.8;92.4;34.7;5.6;1.2;0.0;14.1;5.1;14.2;61.8;67.0;49.8;17.2;PT  ;Laser okay
 01:02:17;16:08:43;18.22;16.1;7.0;1.1;-0.8;89.8;34.7;7.0;1.2;0.0;14.1;5.1;14.1;57.6;66.0;50.9;17.1;PT  ;Laser okay
 01:02:17;16:09:14;18.23;16.2;7.0;1.1;-0.8;81.7;33.5;5.6;1.2;0.0;14.1;5.1;14.1;56.3;63.6;51.6;16.5;PT  ;Laser okay
 01:02:17;16:09:45;18.24;16.0;6.8;1.1;-0.7;108.4;41.2;5.6;2.4;0.0;14.1;5.1;14.1;68.3;73.3;62.8;20.3;PT  ;Laser okay
 01:02:17;16:10:16;18.25;16.0;6.8;1.1;-0.7;134.1;45.5;4.2;2.4;0.0;14.1;4.9;14.0;70.4;88.6;73.0;22.5;PT  ;Laser okay
 01:02:17;16:10:47;18.26;15.9;6.7;1.1;-0.7;117.6;42.0;5.6;2.4;0.0;14.1;4.9;14.0;60.9;82.7;78.1;20.7;PT  ;Laser okay
 01:02:17;16:11:18;18.27;16.2;7.0;1.1;-0.8;88.1;32.6;5.6;1.2;0.0;14.1;1.4;14.1;64.7;14.9;62.7;16.1;PT  ;Laser okay
 01:02:17;16:11:49;18.28;15.9;7.0;1.1;-0.8;90.1;31.3;5.6;1.2;0.0;14.1;-0.2;14.2;57.9;23.0;56.3;15.5;PT  ;Laser okay
 01:02:17;16:12:20;18.29;15.9;6.9;1.1;-0.8;101.9;34.2;5.6;1.2;0.0;14.0;-0.2;14.3;59.9;26.9;54.8;16.9;PT  ;Laser okay
 01:02:17;16:12:51;18.30;15.8;6.9;1.1;-0.8;84.5;31.1;5.6;1.2;0.0;14.1;-0.2;14.3;56.6;27.3;52.4;15.4;PT  ;Laser okay
 01:02:17;16:13:22;18.31;15.9;7.1;1.1;-0.8;133.4;46.4;4.2;2.4;0.0;14.0;-0.2;14.2;80.5;29.2;75.4;22.9;PT  ;Laser okay
 01:02:17;16:13:53;18.32;15.7;6.9;1.1;-0.8;145.6;47.5;4.2;3.6;0.0;14.0;-0.2;14.2;86.1;30.3;73.7;23.5;PT  ;Laser okay
 01:02:17;16:14:24;18.32;15.7;6.8;1.1;-0.8;103.7;31.7;5.6;1.2;0.0;14.1;-0.2;14.3;60.7;30.9;66.8;15.7;PT  ;Laser okay
 01:02:17;16:14:55;18.34;15.6;6.8;1.1;-0.8;145.4;45.7;4.2;2.4;0.0;14.0;-0.2;14.3;86.4;32.2;75.1;22.6;PT  ;Laser okay
 01:02:17;16:15:26;18.35;15.6;6.9;1.1;-0.8;100.8;33.7;4.2;2.4;0.0;14.1;-0.2;14.3;64.1;31.5;63.9;16.6;PT  ;Laser okay
 01:02:17;16:15:57;18.35;15.6;6.8;1.1;-0.8;76.6;28.6;5.6;1.2;0.0;14.1;-0.2;14.3;53.0;31.7;52.5;14.1;PT  ;Laser okay
 01:02:17;16:16:28;18.36;15.5;6.9;1.1;-0.8;116.7;39.8;5.6;2.4;0.0;14.1;-0.2;14.1;66.0;31.9;80.1;19.7;PT  ;Laser okay
 01:02:17;16:16:59;18.38;15.5;6.7;1.1;-0.8;92.8;32.6;5.6;2.4;0.0;14.1;-0.2;14.2;60.6;32.2;62.6;16.1;PT  ;Laser okay
 01:02:17;16:17:30;18.38;15.5;6.8;1.1;-0.8;82.4;31.1;5.6;1.2;0.0;14.1;-0.2;14.2;54.0;32.0;61.1;15.4;PT  ;Laser okay
 01:02:17;16:18:01;18.39;15.5;6.9;1.1;-0.8;112.7;42.6;5.6;2.4;0.0;14.1;-0.2;14.1;79.1;32.4;72.0;21.1;PT  ;Laser okay
 01:02:17;16:18:32;18.40;15.4;6.8;1.1;-0.8;127.9;42.3;4.2;3.6;0.0;14.0;-0.2;14.1;76.8;32.7;79.5;20.9;PT  ;Laser okay
 01:02:17;16:19:03;18.41;15.3;6.8;1.1;-0.8;80.0;26.5;5.6;3.6;0.0;14.1;-0.2;14.1;55.2;32.9;57.5;13.1;PT  ;Laser okay
 01:02:17;16:19:34;18.42;15.3;6.6;1.0;-0.8;81.4;30.7;5.6;-1.2;0.0;14.1;-0.2;14.1;57.6;33.1;64.6;15.2;PT  ;Laser okay
 01:02:17;16:20:05;18.43;15.2;6.6;1.0;-0.8;132.9;42.1;5.6;2.4;0.0;14.0;-0.1;14.0;83.4;33.3;75.5;20.8;PT  ;Laser okay
 01:02:17;16:20:36;18.44;15.3;6.8;1.1;-0.7;125.2;40.4;4.2;2.4;0.0;14.0;-0.1;14.0;73.8;33.4;72.6;19.9;PT  ;Laser okay
 01:02:17;16:21:07;18.45;15.3;6.7;1.0;-0.8;60.8;21.7;5.6;-1.2;0.0;14.1;-0.1;14.1;47.6;33.5;46.7;10.7;PT  ;Laser okay
 01:02:17;16:21:38;18.46;15.3;6.9;1.0;-0.8;96.2;33.7;5.6;2.4;0.0;14.1;-0.1;14.1;65.8;33.7;65.4;16.6;PT  ;Laser okay
 01:02:17;16:22:09;18.47;15.3;6.9;1.0;-0.8;101.7;34.4;5.6;1.2;0.0;14.1;-0.1;14.0;58.3;33.9;73.5;17.0;PT  ;Laser okay
 01:02:17;16:22:40;18.48;15.2;6.6;1.0;-0.8;92.3;32.8;5.6;1.2;0.0;14.1;-0.1;14.1;62.5;33.8;58.5;16.2;PT  ;Laser okay
 01:02:17;16:23:11;18.48;15.2;6.7;1.0;-0.8;103.6;35.4;5.6;1.2;0.0;14.1;-0.1;14.0;61.7;34.1;70.8;17.5;PT  ;Laser okay
 01:02:17;16:23:42;18.49;15.3;6.6;1.0;-0.7;75.0;29.4;5.6;0.0;0.0;14.1;-0.1;14.1;51.4;33.5;54.6;14.5;PT  ;Laser okay
 01:02:17;16:24:13;18.50;15.1;6.8;1.0;-0.7;133.3;45.2;2.8;3.6;0.0;14.0;-0.1;14.0;78.6;34.1;84.1;22.3;PT  ;Laser okay
 01:02:17;16:24:46;18.50;15.2;6.7;1.0;-0.7;78.7;2.4;5.6;0.0;0.0;14.1;-0.1;14.1;51.1;34.6;50.2;1.2;PT  ;Laser okay
 01:02:17;16:25:24;18.51;15.1;6.8;1.0;-0.8;59.0;4.0;5.6;0.0;0.0;14.1;-0.1;14.1;42.3;34.7;43.3;2.0;PT  ;Laser okay
 01:02:17;16:26:13;18.52;15.0;6.6;1.0;-0.7;77.7;0.0;1.4;0.0;0.0;14.1;-0.1;14.2;42.9;34.9;43.2;0.0;PT  ;Laser okay
 01:02:17;16:26:44;18.53;15.0;6.7;1.0;-0.7;102.9;32.2;5.6;1.2;0.0;14.1;-0.1;14.1;66.5;35.0;60.1;15.9;PT  ;Laser okay
 01:02:17;16:27:15;18.54;15.0;6.7;1.0;-0.7;89.5;29.6;5.6;1.2;0.0;14.1;-0.1;14.1;55.4;35.1;60.4;14.6;PT  ;Laser okay
 01:02:17;16:27:46;18.55;15.0;6.6;1.0;-0.7;80.5;27.4;5.6;1.2;0.0;14.1;-0.1;14.1;51.7;35.3;53.3;13.6;PT  ;Laser okay
 01:02:17;16:28:17;18.55;14.8;6.6;1.0;-0.7;66.2;24.9;5.6;1.2;0.0;14.1;-0.1;14.1;49.1;34.9;49.0;12.3;PT  ;Laser okay
 01:02:17;16:28:48;18.56;14.9;6.7;1.0;-0.7;97.5;33.0;5.6;2.4;0.0;14.1;-0.1;14.1;61.6;35.4;66.1;16.3;PT  ;Laser okay
 01:02:17;16:29:19;18.57;15.0;6.7;1.0;-0.7;99.1;33.3;5.6;1.2;0.0;14.1;-0.1;14.1;67.8;35.5;58.6;16.4;PT  ;Laser okay
 01:02:17;16:29:50;18.58;15.0;6.7;1.0;-0.7;75.1;27.8;5.6;1.2;0.0;14.1;-0.1;14.1;51.7;35.6;50.1;13.8;PT  ;Laser okay
 01:02:17;16:30:21;18.58;14.8;6.7;1.0;-0.7;89.7;34.0;5.6;2.4;0.0;14.1;-0.1;14.1;59.0;35.8;56.8;16.8;PT  ;Laser okay
 01:02:17;16:30:52;18.58;14.6;6.5;1.0;-0.7;90.4;29.5;5.6;0.0;0.0;14.1;-0.1;14.1;57.9;36.0;60.4;14.6;PT  ;Laser okay
 01:02:17;16:31:23;18.60;14.5;6.4;1.0;-0.7;103.1;33.2;5.6;2.4;0.0;14.1;-0.1;14.1;61.4;36.2;63.3;16.4;PT  ;Laser okay
 01:02:17;16:31:54;18.61;14.5;6.3;1.0;-0.7;115.2;36.5;5.6;3.6;0.0;14.1;-0.1;14.0;69.3;36.3;66.1;18.0;PT  ;Laser okay
 01:02:17;16:32:25;18.62;14.6;6.4;1.0;-0.7;97.0;34.7;5.6;1.2;0.0;14.1;-0.1;14.0;65.7;36.3;61.3;17.2;PT  ;Laser okay
 01:02:17;16:32:56;18.62;14.6;6.5;1.0;-0.7;76.9;29.8;5.6;1.2;0.0;14.1;-0.1;14.1;54.3;36.4;56.4;14.7;PT  ;Laser okay
 01:02:17;16:33:27;18.63;14.7;6.5;1.0;-0.7;70.1;27.5;5.6;0.0;0.0;14.1;-0.1;14.1;49.4;36.5;52.5;13.6;PT  ;Laser okay
 01:02:17;16:33:58;18.63;14.8;6.5;1.0;-0.7;59.7;25.7;5.6;0.0;0.0;14.1;-0.1;14.1;47.5;36.4;48.5;12.7;PT  ;Laser okay
 01:02:17;16:34:29;18.64;14.8;6.3;1.0;-0.7;107.7;35.7;5.6;2.4;0.0;14.1;-0.1;14.0;65.0;36.6;62.4;17.7;PT  ;Laser okay
 01:02:17;16:35:00;18.65;18.8;9.2;1.0;-0.7;110.9;36.5;5.6;1.2;0.0;14.1;-0.1;14.0;69.3;36.7;68.6;18.0;PT  ;No Laser
 01:02:17;16:35:31;18.66;14.9;6.5;1.0;-0.7;85.2;31.5;5.6;1.2;0.0;14.1;-0.1;14.1;57.0;36.8;54.7;15.5;PT  ;Laser okay
 01:02:17;16:36:02;18.67;14.7;6.6;1.0;-0.7;86.3;33.7;5.6;2.4;0.0;14.1;-0.1;14.0;57.4;36.9;61.1;16.6;PT  ;Laser okay
 01:02:17;16:36:33;18.67;14.7;6.5;1.0;-0.7;71.3;30.8;5.6;1.2;0.0;14.1;-0.1;14.1;54.0;36.9;53.4;15.2;PT  ;Laser okay
 01:02:17;16:37:04;18.68;14.7;6.5;1.0;-0.7;66.6;30.4;5.6;1.2;0.0;14.1;-0.1;14.1;52.9;36.8;51.1;15.0;PT  ;Laser okay
 01:02:17;16:37:35;18.68;14.7;6.5;1.0;-0.7;87.5;35.0;5.6;1.2;0.0;14.1;-0.1;14.0;62.5;37.1;58.5;17.3;PT  ;Laser okay
 01:02:17;16:38:06;18.69;14.6;6.7;1.0;-0.7;79.6;35.8;5.6;1.2;0.0;14.1;-0.1;14.0;62.0;37.2;60.0;17.7;PT  ;Laser okay
 01:02:17;16:38:37;18.70;14.5;6.6;1.0;-0.7;103.1;40.6;5.6;2.4;0.0;14.1;-0.1;14.0;59.3;37.3;74.5;20.1;PT  ;Laser okay
 01:02:17;16:39:08;18.71;14.7;6.5;1.0;-0.7;113.9;40.7;5.6;2.4;0.0;14.1;-0.1;14.0;70.4;37.4;69.1;20.1;PT  ;No Laser
 01:02:17;16:39:39;18.72;14.5;6.6;1.0;-0.7;110.0;36.9;5.6;1.2;0.0;14.1;-0.1;14.0;67.3;37.4;59.4;18.2;PT  ;Laser okay
 01:02:17;16:40:10;18.73;14.5;6.6;1.0;-0.7;70.1;31.7;5.6;1.2;0.0;14.1;-0.1;14.1;51.6;37.4;50.9;15.6;PT  ;Laser okay
 01:02:17;16:40:41;18.74;14.5;6.6;1.0;-0.7;108.4;40.8;5.6;2.4;0.0;14.1;-0.1;14.0;69.4;37.6;64.3;20.2;PT  ;Laser okay
 01:02:17;16:41:12;18.75;14.7;6.5;1.0;-0.7;105.0;37.6;4.2;2.4;0.0;14.1;-0.1;14.0;62.6;37.7;63.2;18.6;PT  ;Laser okay
 01:02:17;16:41:43;18.76;14.5;6.5;1.0;-0.8;113.8;42.4;5.6;2.4;0.0;14.0;-0.1;14.0;67.0;38.5;68.0;20.9;PT  ;Laser okay
 01:02:17;16:42:18;18.77;14.4;6.5;1.0;-0.7;101.8;6.3;5.6;-1.2;0.0;14.1;-0.1;14.0;62.4;38.1;60.2;3.1;PT  ;Laser okay
 01:02:17;16:42:48;18.78;14.3;6.5;1.0;-0.7;101.7;37.5;5.6;3.6;0.0;14.1;-0.1;14.0;63.4;38.0;64.4;18.5;PT  ;Laser okay
 01:02:17;16:43:19;18.79;14.3;6.5;1.0;-0.7;85.1;33.6;5.6;2.4;0.0;14.1;-0.1;14.0;56.3;38.0;69.2;16.6;PT  ;Laser okay
 01:02:17;16:43:50;18.80;14.4;6.5;0.9;-0.7;93.9;34.3;5.6;0.0;0.0;14.1;-0.1;14.0;60.6;38.3;61.3;17.0;PT  ;Laser okay
 01:02:17;16:44:23;18.81;14.3;6.6;1.0;-0.7;66.9;6.0;5.6;0.0;0.0;14.1;-0.1;14.1;50.2;38.2;48.9;2.9;PT  ;Laser okay
 01:02:17;16:44:54;18.82;14.3;6.6;1.0;-0.7;88.2;36.2;5.6;1.2;0.0;14.1;-0.1;14.0;62.6;38.4;59.5;17.9;PT  ;Laser okay
 01:02:17;16:45:25;18.83;14.4;6.6;0.9;-0.7;97.3;38.7;5.6;2.4;0.0;14.1;-0.1;14.0;59.8;39.2;71.3;19.1;PT  ;Laser okay
 01:02:17;16:45:56;18.84;14.5;6.6;1.0;-0.6;99.8;36.8;5.6;1.2;0.0;14.1;-0.1;14.0;60.0;39.3;62.9;18.2;PT  ;Laser okay
 01:02:17;16:46:27;18.85;14.5;6.5;1.0;-0.7;84.8;33.6;5.6;1.2;0.0;14.1;-0.1;14.1;56.3;38.5;58.4;16.6;PT  ;Laser okay
 01:02:17;16:46:58;18.86;14.5;6.7;1.0;-0.7;75.5;33.6;7.0;1.2;0.0;14.1;-0.1;14.1;53.3;38.5;55.5;16.6;PT  ;Laser okay
 01:02:17;16:47:29;18.86;14.7;6.6;1.0;-0.7;70.9;34.1;5.6;0.0;0.0;14.1;-0.1;14.1;51.0;38.6;55.8;16.9;PT  ;Laser okay
 01:02:17;16:48:00;18.87;14.5;6.5;1.0;-0.6;104.8;41.5;5.6;2.4;0.0;14.0;-0.1;14.0;67.2;40.5;65.3;20.5;PT  ;Laser okay
 01:02:17;16:48:31;18.88;14.6;6.3;1.0;-0.7;92.0;41.8;5.6;0.0;0.0;14.1;-0.1;14.0;65.7;39.4;62.7;20.6;PT  ;Laser okay
 01:02:17;16:49:02;18.89;14.7;6.4;1.0;-0.7;69.0;38.3;5.6;1.2;0.0;14.1;-0.1;14.0;58.8;39.1;62.6;18.9;PT  ;Laser okay
 01:02:17;16:49:33;18.90;14.6;6.5;1.0;-0.7;67.8;33.8;5.6;1.2;0.0;14.1;-0.1;14.1;52.6;38.8;52.4;16.7;PT  ;Laser okay
 01:02:17;16:50:04;18.91;14.6;6.6;1.0;-0.7;110.8;46.0;5.6;2.4;0.0;14.1;-0.1;14.0;64.6;42.0;74.7;22.7;PT  ;Laser okay
 01:02:17;16:50:35;18.92;14.7;6.4;1.0;-0.7;96.8;42.4;5.6;2.4;0.0;14.1;-0.1;14.0;63.3;41.0;65.2;20.9;PT  ;Laser okay
 01:02:17;16:51:06;18.92;14.7;6.6;1.0;-0.7;103.6;43.8;5.6;2.4;0.0;14.0;-0.1;14.0;64.6;40.4;64.8;21.6;PT  ;Laser okay
 01:02:17;16:51:37;18.93;14.8;6.7;1.0;-0.6;75.3;36.5;5.6;1.2;0.0;14.1;-0.1;14.1;55.6;39.0;56.0;18.0;PT  ;Laser okay
 01:02:17;16:52:08;18.94;14.7;6.7;1.0;-0.6;102.2;44.2;5.6;2.4;0.0;14.1;-0.1;14.0;67.5;40.0;62.9;21.8;PT  ;Laser okay
 01:02:17;16:52:39;18.95;14.7;6.5;1.0;-0.6;97.3;45.6;5.6;3.6;0.0;14.0;-0.1;14.0;67.6;41.3;68.1;22.5;PT  ;Laser okay
 01:02:17;16:53:10;18.96;14.7;6.5;1.0;-0.7;86.6;45.3;5.6;1.2;0.0;14.0;-0.1;14.0;67.4;40.4;69.1;22.4;PT  ;Laser okay
 01:02:17;16:53:41;18.98;14.7;6.6;0.9;-0.6;81.2;67.3;5.6;2.4;0.0;14.1;-0.1;14.0;60.9;39.6;62.5;33.3;PT  ;Laser okay
 01:02:17;17:32:59;18.97;301.0;300.0;0.8;20.0;0.0;0.0;0.0;0.0;-1.0;-5.0;-8.5;-1.7;0.0;0.0;0.0;0.0;PT  ;No Laser
 01:02:17;17:33:30;18.97;301.0;300.0;0.8;20.0;0.0;0.0;0.0;0.0;-1.0;-5.0;-8.5;-1.7;0.0;0.0;0.0;0.0;PT  ;No Laser
 01:02:17;17:34:19;18.97;301.0;300.0;0.8;20.0;0.0;0.0;0.0;0.0;-1.0;-5.0;-8.5;-1.7;0.0;0.0;0.0;0.0;PT  ;No Laser
 01:02:17;17:34:50;18.97;301.0;300.0;0.8;20.0;0.0;0.0;0.0;-6.0;-1.0;-5.0;-8.5;-1.7;0.0;0.0;0.0;0.0;PT  ;No Laser
 01:02:17;17:35:21;18.97;301.0;300.0;0.8;20.0;0.0;0.0;0.0;0.0;-1.0;-5.0;-8.5;-1.7;0.0;0.0;0.0;0.0;PT  ;No Laser
 01:02:17;17:53:14;18.97;301.0;300.0;0.8;20.0;0.0;0.0;0.0;0.0;-1.0;0.0;0.0;0.0;0.0;0.0;0.0;0.0;PT  ;No Laser
 01:02:17;17:53:44;18.97;301.0;300.0;0.8;20.0;0.0;7.1;0.0;0.0;-1.0;0.0;0.0;0.0;0.0;0.0;0.0;3.5;PT  ;No Laser
 01:02:17;17:54:15;18.98;301.0;300.0;0.8;20.0;0.0;5.7;0.0;2.4;-1.0;0.0;0.0;0.0;0.0;0.0;0.0;2.8;PT  ;No Laser
 01:02:17;17:54:46;18.99;301.0;300.0;0.8;20.0;0.0;4.3;0.0;0.0;-1.0;0.0;0.0;0.0;0.0;0.0;0.0;2.1;PT  ;No Laser
 01:02:17;17:56:21;19.01;301.0;300.0;0.8;20.0;0.0;0.0;0.0;0.0;-1.0;0.0;0.0;0.0;0.0;0.0;0.0;0.0;PT  ;No Laser
 01:02:17;17:57:49;19.01;301.0;300.0;0.8;20.0;0.0;0.0;0.0;0.0;-1.0;0.0;0.0;0.0;0.0;0.0;0.0;0.0;PT  ;No Laser
 01:02:17;18:08:37;18.94;301.0;300.0;0.8;20.0;0.0;0.0;0.0;0.0;-1.0;0.0;0.0;0.0;0.0;0.0;0.0;0.0;PT  ;No Laser
 01:02:17;18:10:43;18.96;301.0;300.0;0.8;20.0;0.0;0.0;0.0;0.0;-1.0;0.0;0.0;0.0;0.0;0.0;0.0;0.0;PT  ;No Laser
 01:02:17;18:12:27;18.95;301.0;300.0;0.8;20.0;0.0;0.0;0.0;1.2;-1.0;0.0;0.0;0.0;0.0;0.0;0.0;0.0;PT  ;No Laser
 01:02:17;18:13:37;18.95;301.0;300.0;0.8;20.0;0.0;0.0;0.0;3.6;-1.0;0.0;0.0;0.0;0.0;0.0;0.0;0.0;PT  ;No Laser
 01:02:17;18:14:18;18.95;301.0;300.0;0.8;20.0;0.0;0.0;0.0;3.6;-1.0;0.0;0.0;0.0;0.0;0.0;0.0;0.0;PT  ;No Laser
 01:02:17;18:17:39;18.94;301.0;300.0;0.8;20.0;0.0;0.0;0.0;-1.2;-1.0;0.0;0.0;0.0;0.0;0.0;0.0;0.0;PT  ;No Laser
 01:02:17;18:19:13;18.94;301.0;300.0;0.8;20.0;0.0;0.0;0.0;0.0;-1.0;0.0;0.0;0.0;0.0;0.0;0.0;0.0;PT  ;No Laser
 01:02:17;18:19:43;18.94;301.0;300.0;0.8;20.0;0.0;13.2;0.0;0.0;-1.0;0.0;0.0;0.0;0.0;0.0;0.0;6.5;PT  ;No Laser
